branch_id,candidate_id,unique_address_target,horizon_multiplier,checkpoint_depth,hot_address_skew,seed_id,family,comparison_mode,base_program_name,seed_variant,base_start,scaled_start,base_max_steps,max_steps,base_unique_address_count,padding_unique_count,flatten_rounds,padding_base_address,expected_padding_instruction_count,target_wrapper_call_depth,source_runtime_stage,base_runtime_stage,program_name,base_variant_program_name,runtime_seconds,ns_per_step,exact_trace_match,exact_final_state_match,first_mismatch_step,failure_reason,failure_class,exact,read_observation_count,memory_read_count,stack_read_count,reference_step_count,memory_operation_count,memory_load_count,memory_store_count,unique_address_count,hottest_address,hottest_address_share,failure_axis_tags
u6_h1p0_cbaseline_kbaseline,u6_h1p0_cbaseline_kbaseline_seed0,6,1.0,baseline,baseline,0,subroutine_braid,medium_exact_trace,bytecode_subroutine_braid_80_a96,r19_admitted_address_anchor,80,80,5120,5156,4,2,0,20000,4,0,r20_d0_runtime_mechanism_ablation_matrix,r19_d0_pointer_like_surface_generalization_gate,bytecode_subroutine_braid_80_a96_r21_u6_h1p0_cbaseline_kbaseline_seed0,bytecode_subroutine_braid_80_a96,0.035462900064885616,22444.873458788363,True,True,,,,True,1294,403,891,1580,649,403,246,6,96,0.49614791987673346,
u6_h1p0_cbaseline_kbaseline,u6_h1p0_cbaseline_kbaseline_seed1,6,1.0,baseline,baseline,1,subroutine_braid,medium_exact_trace,bytecode_subroutine_braid_80_a96,r19_heldout_address_anchor,80,80,5120,5156,4,2,0,20008,4,0,r20_d0_runtime_mechanism_ablation_matrix,r19_d0_pointer_like_surface_generalization_gate,bytecode_subroutine_braid_80_a112_r21_u6_h1p0_cbaseline_kbaseline_seed1,bytecode_subroutine_braid_80_a112,0.03078909998293966,19486.77214110105,True,True,,,,True,1294,403,891,1580,649,403,246,6,112,0.49614791987673346,
u6_h1p0_cbaseline_kflattened,u6_h1p0_cbaseline_kflattened_seed0,6,1.0,baseline,flattened,0,subroutine_braid,medium_exact_trace,bytecode_subroutine_braid_80_a96,r19_admitted_address_anchor,80,80,5120,6452,4,2,324,20032,1300,0,r20_d0_runtime_mechanism_ablation_matrix,r19_d0_pointer_like_surface_generalization_gate,bytecode_subroutine_braid_80_a96_r21_u6_h1p0_cbaseline_kflattened_seed0,bytecode_subroutine_braid_80_a96,0.16447319998405874,57188.17801949191,True,True,,,,True,1942,403,1539,2876,1297,403,894,6,20032,0.25057825751734775,"flattened_hot_address_target,low_hottest_address_share_observed"
u6_h1p0_cbaseline_kflattened,u6_h1p0_cbaseline_kflattened_seed1,6,1.0,baseline,flattened,1,subroutine_braid,medium_exact_trace,bytecode_subroutine_braid_80_a96,r19_heldout_address_anchor,80,80,5120,6452,4,2,324,20040,1300,0,r20_d0_runtime_mechanism_ablation_matrix,r19_d0_pointer_like_surface_generalization_gate,bytecode_subroutine_braid_80_a112_r21_u6_h1p0_cbaseline_kflattened_seed1,bytecode_subroutine_braid_80_a112,0.04838639998342842,16824.200272402093,True,True,,,,True,1942,403,1539,2876,1297,403,894,6,20040,0.25057825751734775,"flattened_hot_address_target,low_hottest_address_share_observed"
u6_h1p0_cplus_one_kbaseline,u6_h1p0_cplus_one_kbaseline_seed0,6,1.0,plus_one,baseline,0,subroutine_braid,medium_exact_trace,bytecode_subroutine_braid_80_a96,r19_admitted_address_anchor,80,80,5120,5158,4,2,0,20064,4,1,r20_d0_runtime_mechanism_ablation_matrix,r19_d0_pointer_like_surface_generalization_gate,bytecode_subroutine_braid_80_a96_r21_u6_h1p0_cplus_one_kbaseline_seed0,bytecode_subroutine_braid_80_a96,0.025084500084631145,15856.194743761786,True,True,,,,True,1294,403,891,1582,649,403,246,6,96,0.49614791987673346,plus_one_checkpoint_depth
u6_h1p0_cplus_one_kbaseline,u6_h1p0_cplus_one_kbaseline_seed1,6,1.0,plus_one,baseline,1,subroutine_braid,medium_exact_trace,bytecode_subroutine_braid_80_a96,r19_heldout_address_anchor,80,80,5120,5158,4,2,0,20072,4,1,r20_d0_runtime_mechanism_ablation_matrix,r19_d0_pointer_like_surface_generalization_gate,bytecode_subroutine_braid_80_a112_r21_u6_h1p0_cplus_one_kbaseline_seed1,bytecode_subroutine_braid_80_a112,0.024622999946586788,15564.475313898096,True,True,,,,True,1294,403,891,1582,649,403,246,6,112,0.49614791987673346,plus_one_checkpoint_depth
u6_h1p0_cplus_one_kflattened,u6_h1p0_cplus_one_kflattened_seed0,6,1.0,plus_one,flattened,0,subroutine_braid,medium_exact_trace,bytecode_subroutine_braid_80_a96,r19_admitted_address_anchor,80,80,5120,6454,4,2,324,20096,1300,1,r20_d0_runtime_mechanism_ablation_matrix,r19_d0_pointer_like_surface_generalization_gate,bytecode_subroutine_braid_80_a96_r21_u6_h1p0_cplus_one_kflattened_seed0,bytecode_subroutine_braid_80_a96,0.11359309998806566,39469.45795276777,True,True,,,,True,1942,403,1539,2878,1297,403,894,6,20096,0.25057825751734775,"plus_one_checkpoint_depth,flattened_hot_address_target,low_hottest_address_share_observed"
u6_h1p0_cplus_one_kflattened,u6_h1p0_cplus_one_kflattened_seed1,6,1.0,plus_one,flattened,1,subroutine_braid,medium_exact_trace,bytecode_subroutine_braid_80_a96,r19_heldout_address_anchor,80,80,5120,6454,4,2,324,20104,1300,1,r20_d0_runtime_mechanism_ablation_matrix,r19_d0_pointer_like_surface_generalization_gate,bytecode_subroutine_braid_80_a112_r21_u6_h1p0_cplus_one_kflattened_seed1,bytecode_subroutine_braid_80_a112,0.047508700052276254,16507.53997646847,True,True,,,,True,1942,403,1539,2878,1297,403,894,6,20104,0.25057825751734775,"plus_one_checkpoint_depth,flattened_hot_address_target,low_hottest_address_share_observed"
u6_h1p5_cbaseline_kbaseline,u6_h1p5_cbaseline_kbaseline_seed0,6,1.5,baseline,baseline,0,subroutine_braid,medium_exact_trace,bytecode_subroutine_braid_80_a96,r19_admitted_address_anchor,80,120,5120,7716,4,2,0,20128,4,0,r20_d0_runtime_mechanism_ablation_matrix,r19_d0_pointer_like_surface_generalization_gate,bytecode_subroutine_braid_120_a96_r21_u6_h1p5_cbaseline_kbaseline_seed0,bytecode_subroutine_braid_120_a96,0.038876699982210994,16473.17795856398,True,True,,,,True,1934,603,1331,2360,969,603,366,6,96,0.49742002063983487,
u6_h1p5_cbaseline_kbaseline,u6_h1p5_cbaseline_kbaseline_seed1,6,1.5,baseline,baseline,1,subroutine_braid,medium_exact_trace,bytecode_subroutine_braid_80_a96,r19_heldout_address_anchor,80,120,5120,7716,4,2,0,20136,4,0,r20_d0_runtime_mechanism_ablation_matrix,r19_d0_pointer_like_surface_generalization_gate,bytecode_subroutine_braid_120_a112_r21_u6_h1p5_cbaseline_kbaseline_seed1,bytecode_subroutine_braid_120_a112,0.11730749998241663,49706.56778915959,True,True,,,,True,1934,603,1331,2360,969,603,366,6,112,0.49742002063983487,
u6_h1p5_cbaseline_kflattened,u6_h1p5_cbaseline_kflattened_seed0,6,1.5,baseline,flattened,0,subroutine_braid,medium_exact_trace,bytecode_subroutine_braid_80_a96,r19_admitted_address_anchor,80,120,5120,9660,4,2,486,20160,1948,0,r20_d0_runtime_mechanism_ablation_matrix,r19_d0_pointer_like_surface_generalization_gate,bytecode_subroutine_braid_120_a96_r21_u6_h1p5_cbaseline_kflattened_seed0,bytecode_subroutine_braid_120_a96,0.07518749998416752,17469.214680336318,True,True,,,,True,2906,603,2303,4304,1941,603,1338,6,20160,0.25090159711488924,"flattened_hot_address_target,low_hottest_address_share_observed"
u6_h1p5_cbaseline_kflattened,u6_h1p5_cbaseline_kflattened_seed1,6,1.5,baseline,flattened,1,subroutine_braid,medium_exact_trace,bytecode_subroutine_braid_80_a96,r19_heldout_address_anchor,80,120,5120,9660,4,2,486,20168,1948,0,r20_d0_runtime_mechanism_ablation_matrix,r19_d0_pointer_like_surface_generalization_gate,bytecode_subroutine_braid_120_a112_r21_u6_h1p5_cbaseline_kflattened_seed1,bytecode_subroutine_braid_120_a112,0.13972809992264956,32464.70723109888,True,True,,,,True,2906,603,2303,4304,1941,603,1338,6,20168,0.25090159711488924,"flattened_hot_address_target,low_hottest_address_share_observed"
u6_h1p5_cplus_one_kbaseline,u6_h1p5_cplus_one_kbaseline_seed0,6,1.5,plus_one,baseline,0,subroutine_braid,medium_exact_trace,bytecode_subroutine_braid_80_a96,r19_admitted_address_anchor,80,120,5120,7718,4,2,0,20192,4,1,r20_d0_runtime_mechanism_ablation_matrix,r19_d0_pointer_like_surface_generalization_gate,bytecode_subroutine_braid_120_a96_r21_u6_h1p5_cplus_one_kbaseline_seed0,bytecode_subroutine_braid_120_a96,0.03722349996678531,15759.314126496745,True,True,,,,True,1934,603,1331,2362,969,603,366,6,96,0.49742002063983487,plus_one_checkpoint_depth
u6_h1p5_cplus_one_kbaseline,u6_h1p5_cplus_one_kbaseline_seed1,6,1.5,plus_one,baseline,1,subroutine_braid,medium_exact_trace,bytecode_subroutine_braid_80_a96,r19_heldout_address_anchor,80,120,5120,7718,4,2,0,20200,4,1,r20_d0_runtime_mechanism_ablation_matrix,r19_d0_pointer_like_surface_generalization_gate,bytecode_subroutine_braid_120_a112_r21_u6_h1p5_cplus_one_kbaseline_seed1,bytecode_subroutine_braid_120_a112,0.03913910000119358,16570.321761724634,True,True,,,,True,1934,603,1331,2362,969,603,366,6,112,0.49742002063983487,plus_one_checkpoint_depth
u6_h1p5_cplus_one_kflattened,u6_h1p5_cplus_one_kflattened_seed0,6,1.5,plus_one,flattened,0,subroutine_braid,medium_exact_trace,bytecode_subroutine_braid_80_a96,r19_admitted_address_anchor,80,120,5120,9662,4,2,486,20224,1948,1,r20_d0_runtime_mechanism_ablation_matrix,r19_d0_pointer_like_surface_generalization_gate,bytecode_subroutine_braid_120_a96_r21_u6_h1p5_cplus_one_kflattened_seed0,bytecode_subroutine_braid_120_a96,0.15645809995476156,36334.90477351639,True,True,,,,True,2906,603,2303,4306,1941,603,1338,6,20224,0.25090159711488924,"plus_one_checkpoint_depth,flattened_hot_address_target,low_hottest_address_share_observed"
u6_h1p5_cplus_one_kflattened,u6_h1p5_cplus_one_kflattened_seed1,6,1.5,plus_one,flattened,1,subroutine_braid,medium_exact_trace,bytecode_subroutine_braid_80_a96,r19_heldout_address_anchor,80,120,5120,9662,4,2,486,20232,1948,1,r20_d0_runtime_mechanism_ablation_matrix,r19_d0_pointer_like_surface_generalization_gate,bytecode_subroutine_braid_120_a112_r21_u6_h1p5_cplus_one_kflattened_seed1,bytecode_subroutine_braid_120_a112,0.07864009996410459,18262.9122071771,True,True,,,,True,2906,603,2303,4306,1941,603,1338,6,20232,0.25090159711488924,"plus_one_checkpoint_depth,flattened_hot_address_target,low_hottest_address_share_observed"
u6_h2p0_cbaseline_kbaseline,u6_h2p0_cbaseline_kbaseline_seed0,6,2.0,baseline,baseline,0,subroutine_braid,medium_exact_trace,bytecode_subroutine_braid_80_a96,r19_admitted_address_anchor,80,160,5120,10276,4,2,0,20256,4,0,r20_d0_runtime_mechanism_ablation_matrix,r19_d0_pointer_like_surface_generalization_gate,bytecode_subroutine_braid_160_a96_r21_u6_h2p0_cbaseline_kbaseline_seed0,bytecode_subroutine_braid_160_a96,0.12103220005519688,38545.28664178245,True,True,,,,True,2574,803,1771,3140,1289,803,486,6,96,0.49806051202482543,
u6_h2p0_cbaseline_kbaseline,u6_h2p0_cbaseline_kbaseline_seed1,6,2.0,baseline,baseline,1,subroutine_braid,medium_exact_trace,bytecode_subroutine_braid_80_a96,r19_heldout_address_anchor,80,160,5120,10276,4,2,0,20264,4,0,r20_d0_runtime_mechanism_ablation_matrix,r19_d0_pointer_like_surface_generalization_gate,bytecode_subroutine_braid_160_a112_r21_u6_h2p0_cbaseline_kbaseline_seed1,bytecode_subroutine_braid_160_a112,0.04927499999757856,15692.67515846451,True,True,,,,True,2574,803,1771,3140,1289,803,486,6,112,0.49806051202482543,
u6_h2p0_cbaseline_kflattened,u6_h2p0_cbaseline_kflattened_seed0,6,2.0,baseline,flattened,0,subroutine_braid,medium_exact_trace,bytecode_subroutine_braid_80_a96,r19_admitted_address_anchor,80,160,5120,12864,4,2,647,20288,2592,0,r20_d0_runtime_mechanism_ablation_matrix,r19_d0_pointer_like_surface_generalization_gate,bytecode_subroutine_braid_160_a96_r21_u6_h2p0_cbaseline_kflattened_seed0,bytecode_subroutine_braid_160_a96,0.18678030010778457,32608.292616582505,True,True,,,,True,3868,803,3065,5728,2583,803,1780,6,20288,0.2508710801393728,"flattened_hot_address_target,low_hottest_address_share_observed"
u6_h2p0_cbaseline_kflattened,u6_h2p0_cbaseline_kflattened_seed1,6,2.0,baseline,flattened,1,subroutine_braid,medium_exact_trace,bytecode_subroutine_braid_80_a96,r19_heldout_address_anchor,80,160,5120,12864,4,2,647,20296,2592,0,r20_d0_runtime_mechanism_ablation_matrix,r19_d0_pointer_like_surface_generalization_gate,bytecode_subroutine_braid_160_a112_r21_u6_h2p0_cbaseline_kflattened_seed1,bytecode_subroutine_braid_160_a112,0.09435800008941442,16473.114540749724,True,True,,,,True,3868,803,3065,5728,2583,803,1780,6,20296,0.2508710801393728,"flattened_hot_address_target,low_hottest_address_share_observed"
u6_h2p0_cplus_one_kbaseline,u6_h2p0_cplus_one_kbaseline_seed0,6,2.0,plus_one,baseline,0,subroutine_braid,medium_exact_trace,bytecode_subroutine_braid_80_a96,r19_admitted_address_anchor,80,160,5120,10278,4,2,0,20320,4,1,r20_d0_runtime_mechanism_ablation_matrix,r19_d0_pointer_like_surface_generalization_gate,bytecode_subroutine_braid_160_a96_r21_u6_h2p0_cplus_one_kbaseline_seed0,bytecode_subroutine_braid_160_a96,0.04951939999591559,15760.471036255758,True,True,,,,True,2574,803,1771,3142,1289,803,486,6,96,0.49806051202482543,plus_one_checkpoint_depth
u6_h2p0_cplus_one_kbaseline,u6_h2p0_cplus_one_kbaseline_seed1,6,2.0,plus_one,baseline,1,subroutine_braid,medium_exact_trace,bytecode_subroutine_braid_80_a96,r19_heldout_address_anchor,80,160,5120,10278,4,2,0,20328,4,1,r20_d0_runtime_mechanism_ablation_matrix,r19_d0_pointer_like_surface_generalization_gate,bytecode_subroutine_braid_160_a112_r21_u6_h2p0_cplus_one_kbaseline_seed1,bytecode_subroutine_braid_160_a112,0.04994789999909699,15896.849140387329,True,True,,,,True,2574,803,1771,3142,1289,803,486,6,112,0.49806051202482543,plus_one_checkpoint_depth
u6_h2p0_cplus_one_kflattened,u6_h2p0_cplus_one_kflattened_seed0,6,2.0,plus_one,flattened,0,subroutine_braid,medium_exact_trace,bytecode_subroutine_braid_80_a96,r19_admitted_address_anchor,80,160,5120,12866,4,2,647,20352,2592,1,r20_d0_runtime_mechanism_ablation_matrix,r19_d0_pointer_like_surface_generalization_gate,bytecode_subroutine_braid_160_a96_r21_u6_h2p0_cplus_one_kflattened_seed0,bytecode_subroutine_braid_160_a96,0.16026609996333718,27969.650953461987,True,True,,,,True,3868,803,3065,5730,2583,803,1780,6,20352,0.2508710801393728,"plus_one_checkpoint_depth,flattened_hot_address_target,low_hottest_address_share_observed"
u6_h2p0_cplus_one_kflattened,u6_h2p0_cplus_one_kflattened_seed1,6,2.0,plus_one,flattened,1,subroutine_braid,medium_exact_trace,bytecode_subroutine_braid_80_a96,r19_heldout_address_anchor,80,160,5120,12866,4,2,647,20360,2592,1,r20_d0_runtime_mechanism_ablation_matrix,r19_d0_pointer_like_surface_generalization_gate,bytecode_subroutine_braid_160_a112_r21_u6_h2p0_cplus_one_kflattened_seed1,bytecode_subroutine_braid_160_a112,0.1628956999629736,28428.568928965724,True,True,,,,True,3868,803,3065,5730,2583,803,1780,6,20360,0.2508710801393728,"plus_one_checkpoint_depth,flattened_hot_address_target,low_hottest_address_share_observed"
u8_h1p0_cbaseline_kbaseline,u8_h1p0_cbaseline_kbaseline_seed0,8,1.0,baseline,baseline,0,helper_checkpoint_braid,medium_exact_trace,bytecode_helper_checkpoint_braid_60_a280_s0,r19_admitted_seed_anchor,60,60,2560,2596,6,2,0,20384,4,0,r20_d0_runtime_mechanism_ablation_matrix,r19_d0_pointer_like_surface_generalization_gate,bytecode_helper_checkpoint_braid_60_a280_s0_r21_u8_h1p0_cbaseline_kbaseline_seed0,bytecode_helper_checkpoint_braid_60_a280_s0,0.026851700036786497,16657.38215681544,True,True,,,,True,1393,422,971,1612,730,422,308,8,280,0.3315068493150685,
u8_h1p0_cbaseline_kbaseline,u8_h1p0_cbaseline_kbaseline_seed1,8,1.0,baseline,baseline,1,helper_checkpoint_braid,medium_exact_trace,bytecode_helper_checkpoint_braid_60_a280_s0,r19_heldout_seed_anchor,60,60,2560,2596,6,2,0,20392,4,0,r20_d0_runtime_mechanism_ablation_matrix,r19_d0_pointer_like_surface_generalization_gate,bytecode_helper_checkpoint_braid_60_a280_s1_r21_u8_h1p0_cbaseline_kbaseline_seed1,bytecode_helper_checkpoint_braid_60_a280_s1,0.0277191000059247,17195.471467695224,True,True,,,,True,1393,422,971,1612,730,422,308,8,280,0.3315068493150685,
u8_h1p0_cbaseline_kflattened,u8_h1p0_cbaseline_kflattened_seed0,8,1.0,baseline,flattened,0,helper_checkpoint_braid,medium_exact_trace,bytecode_helper_checkpoint_braid_60_a280_s0,r19_admitted_seed_anchor,60,60,2560,4052,6,2,364,20416,1460,0,r20_d0_runtime_mechanism_ablation_matrix,r19_d0_pointer_like_surface_generalization_gate,bytecode_helper_checkpoint_braid_60_a280_s0_r21_u8_h1p0_cbaseline_kflattened_seed0,bytecode_helper_checkpoint_braid_60_a280_s0,0.06522800005041063,21260.756209390685,True,True,,,,True,2121,422,1699,3068,1458,422,1036,8,20416,0.2503429355281207,"flattened_hot_address_target,low_hottest_address_share_observed"
u8_h1p0_cbaseline_kflattened,u8_h1p0_cbaseline_kflattened_seed1,8,1.0,baseline,flattened,1,helper_checkpoint_braid,medium_exact_trace,bytecode_helper_checkpoint_braid_60_a280_s0,r19_heldout_seed_anchor,60,60,2560,4052,6,2,364,20424,1460,0,r20_d0_runtime_mechanism_ablation_matrix,r19_d0_pointer_like_surface_generalization_gate,bytecode_helper_checkpoint_braid_60_a280_s1_r21_u8_h1p0_cbaseline_kflattened_seed1,bytecode_helper_checkpoint_braid_60_a280_s1,0.049567800015211105,16156.3885316855,True,True,,,,True,2121,422,1699,3068,1458,422,1036,8,20424,0.2503429355281207,"flattened_hot_address_target,low_hottest_address_share_observed"
u8_h1p0_cplus_one_kbaseline,u8_h1p0_cplus_one_kbaseline_seed0,8,1.0,plus_one,baseline,0,helper_checkpoint_braid,medium_exact_trace,bytecode_helper_checkpoint_braid_60_a280_s0,r19_admitted_seed_anchor,60,60,2560,2598,6,2,0,20448,4,1,r20_d0_runtime_mechanism_ablation_matrix,r19_d0_pointer_like_surface_generalization_gate,bytecode_helper_checkpoint_braid_60_a280_s0_r21_u8_h1p0_cplus_one_kbaseline_seed0,bytecode_helper_checkpoint_braid_60_a280_s0,0.02691180002875626,16673.97771298405,True,True,,,,True,1393,422,971,1614,730,422,308,8,280,0.3315068493150685,plus_one_checkpoint_depth
u8_h1p0_cplus_one_kbaseline,u8_h1p0_cplus_one_kbaseline_seed1,8,1.0,plus_one,baseline,1,helper_checkpoint_braid,medium_exact_trace,bytecode_helper_checkpoint_braid_60_a280_s0,r19_heldout_seed_anchor,60,60,2560,2598,6,2,0,20456,4,1,r20_d0_runtime_mechanism_ablation_matrix,r19_d0_pointer_like_surface_generalization_gate,bytecode_helper_checkpoint_braid_60_a280_s1_r21_u8_h1p0_cplus_one_kbaseline_seed1,bytecode_helper_checkpoint_braid_60_a280_s1,0.026386599987745285,16348.574961428305,True,True,,,,True,1393,422,971,1614,730,422,308,8,280,0.3315068493150685,plus_one_checkpoint_depth
u8_h1p0_cplus_one_kflattened,u8_h1p0_cplus_one_kflattened_seed0,8,1.0,plus_one,flattened,0,helper_checkpoint_braid,medium_exact_trace,bytecode_helper_checkpoint_braid_60_a280_s0,r19_admitted_seed_anchor,60,60,2560,4054,6,2,364,20480,1460,1,r20_d0_runtime_mechanism_ablation_matrix,r19_d0_pointer_like_surface_generalization_gate,bytecode_helper_checkpoint_braid_60_a280_s0_r21_u8_h1p0_cplus_one_kflattened_seed0,bytecode_helper_checkpoint_braid_60_a280_s0,0.11790970002766699,38407.068412920846,True,True,,,,True,2121,422,1699,3070,1458,422,1036,8,20480,0.2503429355281207,"plus_one_checkpoint_depth,flattened_hot_address_target,low_hottest_address_share_observed"
u8_h1p0_cplus_one_kflattened,u8_h1p0_cplus_one_kflattened_seed1,8,1.0,plus_one,flattened,1,helper_checkpoint_braid,medium_exact_trace,bytecode_helper_checkpoint_braid_60_a280_s0,r19_heldout_seed_anchor,60,60,2560,4054,6,2,364,20488,1460,1,r20_d0_runtime_mechanism_ablation_matrix,r19_d0_pointer_like_surface_generalization_gate,bytecode_helper_checkpoint_braid_60_a280_s1_r21_u8_h1p0_cplus_one_kflattened_seed1,bytecode_helper_checkpoint_braid_60_a280_s1,0.05073070002254099,16524.657987798368,True,True,,,,True,2121,422,1699,3070,1458,422,1036,8,20488,0.2503429355281207,"plus_one_checkpoint_depth,flattened_hot_address_target,low_hottest_address_share_observed"
u8_h1p5_cbaseline_kbaseline,u8_h1p5_cbaseline_kbaseline_seed0,8,1.5,baseline,baseline,0,helper_checkpoint_braid,medium_exact_trace,bytecode_helper_checkpoint_braid_60_a280_s0,r19_admitted_seed_anchor,60,90,2560,3876,6,2,0,20512,4,0,r20_d0_runtime_mechanism_ablation_matrix,r19_d0_pointer_like_surface_generalization_gate,bytecode_helper_checkpoint_braid_90_a280_s0_r21_u8_h1p5_cbaseline_kbaseline_seed0,bytecode_helper_checkpoint_braid_90_a280_s0,0.04037319996859878,16773.24468990394,True,True,,,,True,2083,632,1451,2407,1090,632,458,8,280,0.3321100917431193,
u8_h1p5_cbaseline_kbaseline,u8_h1p5_cbaseline_kbaseline_seed1,8,1.5,baseline,baseline,1,helper_checkpoint_braid,medium_exact_trace,bytecode_helper_checkpoint_braid_60_a280_s0,r19_heldout_seed_anchor,60,90,2560,3876,6,2,0,20520,4,0,r20_d0_runtime_mechanism_ablation_matrix,r19_d0_pointer_like_surface_generalization_gate,bytecode_helper_checkpoint_braid_90_a280_s1_r21_u8_h1p5_cbaseline_kbaseline_seed1,bytecode_helper_checkpoint_braid_90_a280_s1,0.10374499997124076,43101.37098929819,True,True,,,,True,2083,632,1451,2407,1090,632,458,8,280,0.3321100917431193,
u8_h1p5_cbaseline_kflattened,u8_h1p5_cbaseline_kflattened_seed0,8,1.5,baseline,flattened,0,helper_checkpoint_braid,medium_exact_trace,bytecode_helper_checkpoint_braid_60_a280_s0,r19_admitted_seed_anchor,60,90,2560,6060,6,2,546,20544,2188,0,r20_d0_runtime_mechanism_ablation_matrix,r19_d0_pointer_like_surface_generalization_gate,bytecode_helper_checkpoint_braid_90_a280_s0_r21_u8_h1p5_cbaseline_kflattened_seed0,bytecode_helper_checkpoint_braid_90_a280_s0,0.07838630001060665,17073.905469528785,True,True,,,,True,3175,632,2543,4591,2182,632,1550,8,20544,0.2506874427131072,"flattened_hot_address_target,low_hottest_address_share_observed"
u8_h1p5_cbaseline_kflattened,u8_h1p5_cbaseline_kflattened_seed1,8,1.5,baseline,flattened,1,helper_checkpoint_braid,medium_exact_trace,bytecode_helper_checkpoint_braid_60_a280_s0,r19_heldout_seed_anchor,60,90,2560,6060,6,2,546,20552,2188,0,r20_d0_runtime_mechanism_ablation_matrix,r19_d0_pointer_like_surface_generalization_gate,bytecode_helper_checkpoint_braid_90_a280_s1_r21_u8_h1p5_cbaseline_kflattened_seed1,bytecode_helper_checkpoint_braid_90_a280_s1,0.14604790008161217,31811.78394284735,True,True,,,,True,3175,632,2543,4591,2182,632,1550,8,20552,0.2506874427131072,"flattened_hot_address_target,low_hottest_address_share_observed"
u8_h1p5_cplus_one_kbaseline,u8_h1p5_cplus_one_kbaseline_seed0,8,1.5,plus_one,baseline,0,helper_checkpoint_braid,medium_exact_trace,bytecode_helper_checkpoint_braid_60_a280_s0,r19_admitted_seed_anchor,60,90,2560,3878,6,2,0,20576,4,1,r20_d0_runtime_mechanism_ablation_matrix,r19_d0_pointer_like_surface_generalization_gate,bytecode_helper_checkpoint_braid_90_a280_s0_r21_u8_h1p5_cplus_one_kbaseline_seed0,bytecode_helper_checkpoint_braid_90_a280_s0,0.03973800002131611,16495.641353804946,True,True,,,,True,2083,632,1451,2409,1090,632,458,8,280,0.3321100917431193,plus_one_checkpoint_depth
u8_h1p5_cplus_one_kbaseline,u8_h1p5_cplus_one_kbaseline_seed1,8,1.5,plus_one,baseline,1,helper_checkpoint_braid,medium_exact_trace,bytecode_helper_checkpoint_braid_60_a280_s0,r19_heldout_seed_anchor,60,90,2560,3878,6,2,0,20584,4,1,r20_d0_runtime_mechanism_ablation_matrix,r19_d0_pointer_like_surface_generalization_gate,bytecode_helper_checkpoint_braid_90_a280_s1_r21_u8_h1p5_cplus_one_kbaseline_seed1,bytecode_helper_checkpoint_braid_90_a280_s1,0.04018460004590452,16681.029491865716,True,True,,,,True,2083,632,1451,2409,1090,632,458,8,280,0.3321100917431193,plus_one_checkpoint_depth
u8_h1p5_cplus_one_kflattened,u8_h1p5_cplus_one_kflattened_seed0,8,1.5,plus_one,flattened,0,helper_checkpoint_braid,medium_exact_trace,bytecode_helper_checkpoint_braid_60_a280_s0,r19_admitted_seed_anchor,60,90,2560,6062,6,2,546,20608,2188,1,r20_d0_runtime_mechanism_ablation_matrix,r19_d0_pointer_like_surface_generalization_gate,bytecode_helper_checkpoint_braid_90_a280_s0_r21_u8_h1p5_cplus_one_kflattened_seed0,bytecode_helper_checkpoint_braid_90_a280_s0,0.14382879994809628,31314.78335469111,True,True,,,,True,3175,632,2543,4593,2182,632,1550,8,20608,0.2506874427131072,"plus_one_checkpoint_depth,flattened_hot_address_target,low_hottest_address_share_observed"
u8_h1p5_cplus_one_kflattened,u8_h1p5_cplus_one_kflattened_seed1,8,1.5,plus_one,flattened,1,helper_checkpoint_braid,medium_exact_trace,bytecode_helper_checkpoint_braid_60_a280_s0,r19_heldout_seed_anchor,60,90,2560,6062,6,2,546,20616,2188,1,r20_d0_runtime_mechanism_ablation_matrix,r19_d0_pointer_like_surface_generalization_gate,bytecode_helper_checkpoint_braid_90_a280_s1_r21_u8_h1p5_cplus_one_kflattened_seed1,bytecode_helper_checkpoint_braid_90_a280_s1,0.1727564000757411,37612.97628472482,True,True,,,,True,3175,632,2543,4593,2182,632,1550,8,20616,0.2506874427131072,"plus_one_checkpoint_depth,flattened_hot_address_target,low_hottest_address_share_observed"
u8_h2p0_cbaseline_kbaseline,u8_h2p0_cbaseline_kbaseline_seed0,8,2.0,baseline,baseline,0,helper_checkpoint_braid,medium_exact_trace,bytecode_helper_checkpoint_braid_60_a280_s0,r19_admitted_seed_anchor,60,120,2560,5156,6,2,0,20640,4,0,r20_d0_runtime_mechanism_ablation_matrix,r19_d0_pointer_like_surface_generalization_gate,bytecode_helper_checkpoint_braid_120_a280_s0_r21_u8_h2p0_cbaseline_kbaseline_seed0,bytecode_helper_checkpoint_braid_120_a280_s0,0.06644490000326186,20751.061837370977,True,True,,,,True,2773,842,1931,3202,1450,842,608,8,280,0.33241379310344826,
u8_h2p0_cbaseline_kbaseline,u8_h2p0_cbaseline_kbaseline_seed1,8,2.0,baseline,baseline,1,helper_checkpoint_braid,medium_exact_trace,bytecode_helper_checkpoint_braid_60_a280_s0,r19_heldout_seed_anchor,60,120,2560,5156,6,2,0,20648,4,0,r20_d0_runtime_mechanism_ablation_matrix,r19_d0_pointer_like_surface_generalization_gate,bytecode_helper_checkpoint_braid_120_a280_s1_r21_u8_h2p0_cbaseline_kbaseline_seed1,bytecode_helper_checkpoint_braid_120_a280_s1,0.06707429990638047,20947.626454210018,True,True,,,,True,2773,842,1931,3202,1450,842,608,8,280,0.33241379310344826,
u8_h2p0_cbaseline_kflattened,u8_h2p0_cbaseline_kflattened_seed0,8,2.0,baseline,flattened,0,helper_checkpoint_braid,medium_exact_trace,bytecode_helper_checkpoint_braid_60_a280_s0,r19_admitted_seed_anchor,60,120,2560,8068,6,2,728,20672,2916,0,r20_d0_runtime_mechanism_ablation_matrix,r19_d0_pointer_like_surface_generalization_gate,bytecode_helper_checkpoint_braid_120_a280_s0_r21_u8_h2p0_cbaseline_kflattened_seed0,bytecode_helper_checkpoint_braid_120_a280_s0,0.2565043999347836,41953.61464422368,True,True,,,,True,4229,842,3387,6114,2906,842,2064,8,20672,0.2508602890571232,"flattened_hot_address_target,low_hottest_address_share_observed"
u8_h2p0_cbaseline_kflattened,u8_h2p0_cbaseline_kflattened_seed1,8,2.0,baseline,flattened,1,helper_checkpoint_braid,medium_exact_trace,bytecode_helper_checkpoint_braid_60_a280_s0,r19_heldout_seed_anchor,60,120,2560,8068,6,2,728,20680,2916,0,r20_d0_runtime_mechanism_ablation_matrix,r19_d0_pointer_like_surface_generalization_gate,bytecode_helper_checkpoint_braid_120_a280_s1_r21_u8_h2p0_cbaseline_kflattened_seed1,bytecode_helper_checkpoint_braid_120_a280_s1,0.21549629990477115,35246.368973629564,True,True,,,,True,4229,842,3387,6114,2906,842,2064,8,20680,0.2508602890571232,"flattened_hot_address_target,low_hottest_address_share_observed"
u8_h2p0_cplus_one_kbaseline,u8_h2p0_cplus_one_kbaseline_seed0,8,2.0,plus_one,baseline,0,helper_checkpoint_braid,medium_exact_trace,bytecode_helper_checkpoint_braid_60_a280_s0,r19_admitted_seed_anchor,60,120,2560,5158,6,2,0,20704,4,1,r20_d0_runtime_mechanism_ablation_matrix,r19_d0_pointer_like_surface_generalization_gate,bytecode_helper_checkpoint_braid_120_a280_s0_r21_u8_h2p0_cplus_one_kbaseline_seed0,bytecode_helper_checkpoint_braid_120_a280_s0,0.07601060008164495,23723.657953072707,True,True,,,,True,2773,842,1931,3204,1450,842,608,8,280,0.33241379310344826,plus_one_checkpoint_depth
u8_h2p0_cplus_one_kbaseline,u8_h2p0_cplus_one_kbaseline_seed1,8,2.0,plus_one,baseline,1,helper_checkpoint_braid,medium_exact_trace,bytecode_helper_checkpoint_braid_60_a280_s0,r19_heldout_seed_anchor,60,120,2560,5158,6,2,0,20712,4,1,r20_d0_runtime_mechanism_ablation_matrix,r19_d0_pointer_like_surface_generalization_gate,bytecode_helper_checkpoint_braid_120_a280_s1_r21_u8_h2p0_cplus_one_kbaseline_seed1,bytecode_helper_checkpoint_braid_120_a280_s1,0.1613485999405384,50358.48936970611,True,True,,,,True,2773,842,1931,3204,1450,842,608,8,280,0.33241379310344826,plus_one_checkpoint_depth
u8_h2p0_cplus_one_kflattened,u8_h2p0_cplus_one_kflattened_seed0,8,2.0,plus_one,flattened,0,helper_checkpoint_braid,medium_exact_trace,bytecode_helper_checkpoint_braid_60_a280_s0,r19_admitted_seed_anchor,60,120,2560,8070,6,2,728,20736,2916,1,r20_d0_runtime_mechanism_ablation_matrix,r19_d0_pointer_like_surface_generalization_gate,bytecode_helper_checkpoint_braid_120_a280_s0_r21_u8_h2p0_cplus_one_kflattened_seed0,bytecode_helper_checkpoint_braid_120_a280_s0,0.23965050000697374,39184.18901356667,True,True,,,,True,4229,842,3387,6116,2906,842,2064,8,20736,0.2508602890571232,"plus_one_checkpoint_depth,flattened_hot_address_target,low_hottest_address_share_observed"
u8_h2p0_cplus_one_kflattened,u8_h2p0_cplus_one_kflattened_seed1,8,2.0,plus_one,flattened,1,helper_checkpoint_braid,medium_exact_trace,bytecode_helper_checkpoint_braid_60_a280_s0,r19_heldout_seed_anchor,60,120,2560,8070,6,2,728,20744,2916,1,r20_d0_runtime_mechanism_ablation_matrix,r19_d0_pointer_like_surface_generalization_gate,bytecode_helper_checkpoint_braid_120_a280_s1_r21_u8_h2p0_cplus_one_kflattened_seed1,bytecode_helper_checkpoint_braid_120_a280_s1,0.1552452000323683,25383.453242702468,True,True,,,,True,4229,842,3387,6116,2906,842,2064,8,20744,0.2508602890571232,"plus_one_checkpoint_depth,flattened_hot_address_target,low_hottest_address_share_observed"
u12_h1p0_cbaseline_kbaseline,u12_h1p0_cbaseline_kbaseline_seed0,12,1.0,baseline,baseline,0,checkpoint_replay_long,long_exact_final_state,bytecode_checkpoint_replay_long_100_a128,r19_admitted_address_anchor,100,100,12800,12838,9,3,0,20768,6,0,r20_d0_runtime_mechanism_ablation_matrix,r19_d0_pointer_like_surface_generalization_gate,bytecode_checkpoint_replay_long_100_a128_r21_u12_h1p0_cbaseline_kbaseline_seed0,bytecode_checkpoint_replay_long_100_a128,0.17593080003280193,56172.030661814155,True,True,,,,True,3087,904,2183,3132,1316,904,412,12,128,0.30547112462006076,high_unique_address_target
u12_h1p0_cbaseline_kbaseline,u12_h1p0_cbaseline_kbaseline_seed1,12,1.0,baseline,baseline,1,checkpoint_replay_long,long_exact_final_state,bytecode_checkpoint_replay_long_100_a128,r19_heldout_address_anchor,100,100,12800,12838,9,3,0,20776,6,0,r20_d0_runtime_mechanism_ablation_matrix,r19_d0_pointer_like_surface_generalization_gate,bytecode_checkpoint_replay_long_100_a144_r21_u12_h1p0_cbaseline_kbaseline_seed1,bytecode_checkpoint_replay_long_100_a144,0.084237499977462,26895.75350493678,True,True,,,,True,3087,904,2183,3132,1316,904,412,12,144,0.30547112462006076,high_unique_address_target
u12_h1p0_cbaseline_kflattened,u12_h1p0_cbaseline_kflattened_seed0,12,1.0,baseline,flattened,0,checkpoint_replay_long,long_exact_final_state,bytecode_checkpoint_replay_long_100_a128,r19_admitted_address_anchor,100,100,12800,15466,9,3,438,20800,2634,0,r20_d0_runtime_mechanism_ablation_matrix,r19_d0_pointer_like_surface_generalization_gate,bytecode_checkpoint_replay_long_100_a128_r21_u12_h1p0_cbaseline_kflattened_seed0,bytecode_checkpoint_replay_long_100_a128,0.2533549000509083,43985.2257032827,True,True,,,,True,4401,904,3497,5760,2630,904,1726,12,20800,0.16692015209125474,"high_unique_address_target,flattened_hot_address_target,low_hottest_address_share_observed"
u12_h1p0_cbaseline_kflattened,u12_h1p0_cbaseline_kflattened_seed1,12,1.0,baseline,flattened,1,checkpoint_replay_long,long_exact_final_state,bytecode_checkpoint_replay_long_100_a128,r19_heldout_address_anchor,100,100,12800,15466,9,3,438,20808,2634,0,r20_d0_runtime_mechanism_ablation_matrix,r19_d0_pointer_like_surface_generalization_gate,bytecode_checkpoint_replay_long_100_a144_r21_u12_h1p0_cbaseline_kflattened_seed1,bytecode_checkpoint_replay_long_100_a144,0.24989300000015646,43384.20138891605,True,True,,,,True,4401,904,3497,5760,2630,904,1726,12,20808,0.16692015209125474,"high_unique_address_target,flattened_hot_address_target,low_hottest_address_share_observed"
u12_h1p0_cplus_one_kbaseline,u12_h1p0_cplus_one_kbaseline_seed0,12,1.0,plus_one,baseline,0,checkpoint_replay_long,long_exact_final_state,bytecode_checkpoint_replay_long_100_a128,r19_admitted_address_anchor,100,100,12800,12840,9,3,0,20832,6,1,r20_d0_runtime_mechanism_ablation_matrix,r19_d0_pointer_like_surface_generalization_gate,bytecode_checkpoint_replay_long_100_a128_r21_u12_h1p0_cplus_one_kbaseline_seed0,bytecode_checkpoint_replay_long_100_a128,0.08015089994296432,25574.633038597418,True,True,,,,True,3087,904,2183,3134,1316,904,412,12,128,0.30547112462006076,"high_unique_address_target,plus_one_checkpoint_depth"
u12_h1p0_cplus_one_kbaseline,u12_h1p0_cplus_one_kbaseline_seed1,12,1.0,plus_one,baseline,1,checkpoint_replay_long,long_exact_final_state,bytecode_checkpoint_replay_long_100_a128,r19_heldout_address_anchor,100,100,12800,12840,9,3,0,20840,6,1,r20_d0_runtime_mechanism_ablation_matrix,r19_d0_pointer_like_surface_generalization_gate,bytecode_checkpoint_replay_long_100_a144_r21_u12_h1p0_cplus_one_kbaseline_seed1,bytecode_checkpoint_replay_long_100_a144,0.08124879992101341,25924.95211263989,True,True,,,,True,3087,904,2183,3134,1316,904,412,12,144,0.30547112462006076,"high_unique_address_target,plus_one_checkpoint_depth"
u12_h1p0_cplus_one_kflattened,u12_h1p0_cplus_one_kflattened_seed0,12,1.0,plus_one,flattened,0,checkpoint_replay_long,long_exact_final_state,bytecode_checkpoint_replay_long_100_a128,r19_admitted_address_anchor,100,100,12800,15468,9,3,438,20864,2634,1,r20_d0_runtime_mechanism_ablation_matrix,r19_d0_pointer_like_surface_generalization_gate,bytecode_checkpoint_replay_long_100_a128_r21_u12_h1p0_cplus_one_kflattened_seed0,bytecode_checkpoint_replay_long_100_a128,0.15779750002548099,27385.890320284794,True,True,,,,True,4401,904,3497,5762,2630,904,1726,12,20864,0.16692015209125474,"high_unique_address_target,plus_one_checkpoint_depth,flattened_hot_address_target,low_hottest_address_share_observed"
u12_h1p0_cplus_one_kflattened,u12_h1p0_cplus_one_kflattened_seed1,12,1.0,plus_one,flattened,1,checkpoint_replay_long,long_exact_final_state,bytecode_checkpoint_replay_long_100_a128,r19_heldout_address_anchor,100,100,12800,15468,9,3,438,20872,2634,1,r20_d0_runtime_mechanism_ablation_matrix,r19_d0_pointer_like_surface_generalization_gate,bytecode_checkpoint_replay_long_100_a144_r21_u12_h1p0_cplus_one_kflattened_seed1,bytecode_checkpoint_replay_long_100_a144,0.23562549997586757,40893.005896540715,True,True,,,,True,4401,904,3497,5762,2630,904,1726,12,20872,0.16692015209125474,"high_unique_address_target,plus_one_checkpoint_depth,flattened_hot_address_target,low_hottest_address_share_observed"
u12_h1p5_cbaseline_kbaseline,u12_h1p5_cbaseline_kbaseline_seed0,12,1.5,baseline,baseline,0,checkpoint_replay_long,long_exact_final_state,bytecode_checkpoint_replay_long_100_a128,r19_admitted_address_anchor,100,150,12800,19238,9,3,0,20896,6,0,r20_d0_runtime_mechanism_ablation_matrix,r19_d0_pointer_like_surface_generalization_gate,bytecode_checkpoint_replay_long_150_a128_r21_u12_h1p5_cbaseline_kbaseline_seed0,bytecode_checkpoint_replay_long_150_a128,0.2348551000468433,50139.85910479148,True,True,,,,True,4623,1354,3269,4684,1966,1354,612,12,128,0.306205493387589,high_unique_address_target
u12_h1p5_cbaseline_kbaseline,u12_h1p5_cbaseline_kbaseline_seed1,12,1.5,baseline,baseline,1,checkpoint_replay_long,long_exact_final_state,bytecode_checkpoint_replay_long_100_a128,r19_heldout_address_anchor,100,150,12800,19238,9,3,0,20904,6,0,r20_d0_runtime_mechanism_ablation_matrix,r19_d0_pointer_like_surface_generalization_gate,bytecode_checkpoint_replay_long_150_a144_r21_u12_h1p5_cbaseline_kbaseline_seed1,bytecode_checkpoint_replay_long_150_a144,0.1653264999622479,35296.00767767889,True,True,,,,True,4623,1354,3269,4684,1966,1354,612,12,144,0.306205493387589,high_unique_address_target
u12_h1p5_cbaseline_kflattened,u12_h1p5_cbaseline_kflattened_seed0,12,1.5,baseline,flattened,0,checkpoint_replay_long,long_exact_final_state,bytecode_checkpoint_replay_long_100_a128,r19_admitted_address_anchor,100,150,12800,23180,9,3,657,20928,3948,0,r20_d0_runtime_mechanism_ablation_matrix,r19_d0_pointer_like_surface_generalization_gate,bytecode_checkpoint_replay_long_150_a128_r21_u12_h1p5_cbaseline_kflattened_seed0,bytecode_checkpoint_replay_long_150_a128,0.37121549993753433,43034.48874768541,True,True,,,,True,6594,1354,5240,8626,3937,1354,2583,12,20928,0.16713233426466853,"high_unique_address_target,flattened_hot_address_target,low_hottest_address_share_observed"
u12_h1p5_cbaseline_kflattened,u12_h1p5_cbaseline_kflattened_seed1,12,1.5,baseline,flattened,1,checkpoint_replay_long,long_exact_final_state,bytecode_checkpoint_replay_long_100_a128,r19_heldout_address_anchor,100,150,12800,23180,9,3,657,20936,3948,0,r20_d0_runtime_mechanism_ablation_matrix,r19_d0_pointer_like_surface_generalization_gate,bytecode_checkpoint_replay_long_150_a144_r21_u12_h1p5_cbaseline_kflattened_seed1,bytecode_checkpoint_replay_long_150_a144,0.31352079997304827,36346.023646307476,True,True,,,,True,6594,1354,5240,8626,3937,1354,2583,12,20936,0.16713233426466853,"high_unique_address_target,flattened_hot_address_target,low_hottest_address_share_observed"
u12_h1p5_cplus_one_kbaseline,u12_h1p5_cplus_one_kbaseline_seed0,12,1.5,plus_one,baseline,0,checkpoint_replay_long,long_exact_final_state,bytecode_checkpoint_replay_long_100_a128,r19_admitted_address_anchor,100,150,12800,19240,9,3,0,20960,6,1,r20_d0_runtime_mechanism_ablation_matrix,r19_d0_pointer_like_surface_generalization_gate,bytecode_checkpoint_replay_long_150_a128_r21_u12_h1p5_cplus_one_kbaseline_seed0,bytecode_checkpoint_replay_long_150_a128,0.11291879997588694,24097.05505247267,True,True,,,,True,4623,1354,3269,4686,1966,1354,612,12,128,0.306205493387589,"high_unique_address_target,plus_one_checkpoint_depth"
u12_h1p5_cplus_one_kbaseline,u12_h1p5_cplus_one_kbaseline_seed1,12,1.5,plus_one,baseline,1,checkpoint_replay_long,long_exact_final_state,bytecode_checkpoint_replay_long_100_a128,r19_heldout_address_anchor,100,150,12800,19240,9,3,0,20968,6,1,r20_d0_runtime_mechanism_ablation_matrix,r19_d0_pointer_like_surface_generalization_gate,bytecode_checkpoint_replay_long_150_a144_r21_u12_h1p5_cplus_one_kbaseline_seed1,bytecode_checkpoint_replay_long_150_a144,0.20618740003556013,44000.725573102885,True,True,,,,True,4623,1354,3269,4686,1966,1354,612,12,144,0.306205493387589,"high_unique_address_target,plus_one_checkpoint_depth"
u12_h1p5_cplus_one_kflattened,u12_h1p5_cplus_one_kflattened_seed0,12,1.5,plus_one,flattened,0,checkpoint_replay_long,long_exact_final_state,bytecode_checkpoint_replay_long_100_a128,r19_admitted_address_anchor,100,150,12800,23182,9,3,657,20992,3948,1,r20_d0_runtime_mechanism_ablation_matrix,r19_d0_pointer_like_surface_generalization_gate,bytecode_checkpoint_replay_long_150_a128_r21_u12_h1p5_cplus_one_kflattened_seed0,bytecode_checkpoint_replay_long_150_a128,0.29990610003005713,34759.631436028874,True,True,,,,True,6594,1354,5240,8628,3937,1354,2583,12,20992,0.16713233426466853,"high_unique_address_target,plus_one_checkpoint_depth,flattened_hot_address_target,low_hottest_address_share_observed"
u12_h1p5_cplus_one_kflattened,u12_h1p5_cplus_one_kflattened_seed1,12,1.5,plus_one,flattened,1,checkpoint_replay_long,long_exact_final_state,bytecode_checkpoint_replay_long_100_a128,r19_heldout_address_anchor,100,150,12800,23182,9,3,657,21000,3948,1,r20_d0_runtime_mechanism_ablation_matrix,r19_d0_pointer_like_surface_generalization_gate,bytecode_checkpoint_replay_long_150_a144_r21_u12_h1p5_cplus_one_kflattened_seed1,bytecode_checkpoint_replay_long_150_a144,0.3166681999573484,36702.38757039272,True,True,,,,True,6594,1354,5240,8628,3937,1354,2583,12,21000,0.16713233426466853,"high_unique_address_target,plus_one_checkpoint_depth,flattened_hot_address_target,low_hottest_address_share_observed"
u12_h2p0_cbaseline_kbaseline,u12_h2p0_cbaseline_kbaseline_seed0,12,2.0,baseline,baseline,0,checkpoint_replay_long,long_exact_final_state,bytecode_checkpoint_replay_long_100_a128,r19_admitted_address_anchor,100,200,12800,25638,9,3,0,21024,6,0,r20_d0_runtime_mechanism_ablation_matrix,r19_d0_pointer_like_surface_generalization_gate,bytecode_checkpoint_replay_long_200_a128_r21_u12_h2p0_cbaseline_kbaseline_seed0,bytecode_checkpoint_replay_long_200_a128,0.22385599999688566,35908.88674958063,True,True,,,,True,6155,1804,4351,6234,2616,1804,812,12,128,0.3065749235474006,high_unique_address_target
u12_h2p0_cbaseline_kbaseline,u12_h2p0_cbaseline_kbaseline_seed1,12,2.0,baseline,baseline,1,checkpoint_replay_long,long_exact_final_state,bytecode_checkpoint_replay_long_100_a128,r19_heldout_address_anchor,100,200,12800,25638,9,3,0,21032,6,0,r20_d0_runtime_mechanism_ablation_matrix,r19_d0_pointer_like_surface_generalization_gate,bytecode_checkpoint_replay_long_200_a144_r21_u12_h2p0_cbaseline_kbaseline_seed1,bytecode_checkpoint_replay_long_200_a144,0.2425145999295637,38901.92491651647,True,True,,,,True,6155,1804,4351,6234,2616,1804,812,12,144,0.3065749235474006,high_unique_address_target
u12_h2p0_cbaseline_kflattened,u12_h2p0_cbaseline_kflattened_seed0,12,2.0,baseline,flattened,0,checkpoint_replay_long,long_exact_final_state,bytecode_checkpoint_replay_long_100_a128,r19_admitted_address_anchor,100,200,12800,30894,9,3,876,21056,5262,0,r20_d0_runtime_mechanism_ablation_matrix,r19_d0_pointer_like_surface_generalization_gate,bytecode_checkpoint_replay_long_200_a128_r21_u12_h2p0_cbaseline_kflattened_seed0,bytecode_checkpoint_replay_long_200_a128,0.37539509998168796,32671.46213939843,True,True,,,,True,8783,1804,6979,11490,5244,1804,3440,12,21056,0.16723874904652936,"high_unique_address_target,flattened_hot_address_target,low_hottest_address_share_observed"
u12_h2p0_cbaseline_kflattened,u12_h2p0_cbaseline_kflattened_seed1,12,2.0,baseline,flattened,1,checkpoint_replay_long,long_exact_final_state,bytecode_checkpoint_replay_long_100_a128,r19_heldout_address_anchor,100,200,12800,30894,9,3,876,21064,5262,0,r20_d0_runtime_mechanism_ablation_matrix,r19_d0_pointer_like_surface_generalization_gate,bytecode_checkpoint_replay_long_200_a144_r21_u12_h2p0_cbaseline_kflattened_seed1,bytecode_checkpoint_replay_long_200_a144,0.369035099982284,32117.93733527276,True,True,,,,True,8783,1804,6979,11490,5244,1804,3440,12,21064,0.16723874904652936,"high_unique_address_target,flattened_hot_address_target,low_hottest_address_share_observed"
u12_h2p0_cplus_one_kbaseline,u12_h2p0_cplus_one_kbaseline_seed0,12,2.0,plus_one,baseline,0,checkpoint_replay_long,long_exact_final_state,bytecode_checkpoint_replay_long_100_a128,r19_admitted_address_anchor,100,200,12800,25640,9,3,0,21088,6,1,r20_d0_runtime_mechanism_ablation_matrix,r19_d0_pointer_like_surface_generalization_gate,bytecode_checkpoint_replay_long_200_a128_r21_u12_h2p0_cplus_one_kbaseline_seed0,bytecode_checkpoint_replay_long_200_a128,0.23322679998818785,37400.06414178766,True,True,,,,True,6155,1804,4351,6236,2616,1804,812,12,128,0.3065749235474006,"high_unique_address_target,plus_one_checkpoint_depth"
u12_h2p0_cplus_one_kbaseline,u12_h2p0_cplus_one_kbaseline_seed1,12,2.0,plus_one,baseline,1,checkpoint_replay_long,long_exact_final_state,bytecode_checkpoint_replay_long_100_a128,r19_heldout_address_anchor,100,200,12800,25640,9,3,0,21096,6,1,r20_d0_runtime_mechanism_ablation_matrix,r19_d0_pointer_like_surface_generalization_gate,bytecode_checkpoint_replay_long_200_a144_r21_u12_h2p0_cplus_one_kbaseline_seed1,bytecode_checkpoint_replay_long_200_a144,0.1513911000220105,24276.95638582593,True,True,,,,True,6155,1804,4351,6236,2616,1804,812,12,144,0.3065749235474006,"high_unique_address_target,plus_one_checkpoint_depth"
u12_h2p0_cplus_one_kflattened,u12_h2p0_cplus_one_kflattened_seed0,12,2.0,plus_one,flattened,0,checkpoint_replay_long,long_exact_final_state,bytecode_checkpoint_replay_long_100_a128,r19_admitted_address_anchor,100,200,12800,30896,9,3,876,21120,5262,1,r20_d0_runtime_mechanism_ablation_matrix,r19_d0_pointer_like_surface_generalization_gate,bytecode_checkpoint_replay_long_200_a128_r21_u12_h2p0_cplus_one_kflattened_seed0,bytecode_checkpoint_replay_long_200_a128,0.37608560000080615,32725.86146891804,True,True,,,,True,8783,1804,6979,11492,5244,1804,3440,12,21120,0.16723874904652936,"high_unique_address_target,plus_one_checkpoint_depth,flattened_hot_address_target,low_hottest_address_share_observed"
u12_h2p0_cplus_one_kflattened,u12_h2p0_cplus_one_kflattened_seed1,12,2.0,plus_one,flattened,1,checkpoint_replay_long,long_exact_final_state,bytecode_checkpoint_replay_long_100_a128,r19_heldout_address_anchor,100,200,12800,30896,9,3,876,21128,5262,1,r20_d0_runtime_mechanism_ablation_matrix,r19_d0_pointer_like_surface_generalization_gate,bytecode_checkpoint_replay_long_200_a144_r21_u12_h2p0_cplus_one_kflattened_seed1,bytecode_checkpoint_replay_long_200_a144,0.451731099979952,39308.31012704072,True,True,,,,True,8783,1804,6979,11492,5244,1804,3440,12,21128,0.16723874904652936,"high_unique_address_target,plus_one_checkpoint_depth,flattened_hot_address_target,low_hottest_address_share_observed"
u16_h1p0_cbaseline_kbaseline,u16_h1p0_cbaseline_kbaseline_seed0,16,1.0,baseline,baseline,0,checkpoint_replay_long,long_exact_final_state,bytecode_checkpoint_replay_long_100_a128,r19_admitted_address_anchor,100,100,12800,12846,9,7,0,21152,14,0,r20_d0_runtime_mechanism_ablation_matrix,r19_d0_pointer_like_surface_generalization_gate,bytecode_checkpoint_replay_long_100_a128_r21_u16_h1p0_cbaseline_kbaseline_seed0,bytecode_checkpoint_replay_long_100_a128,0.07284839998465031,23200.1273836466,True,True,,,,True,3091,904,2187,3140,1320,904,416,16,128,0.30454545454545456,high_unique_address_target
u16_h1p0_cbaseline_kbaseline,u16_h1p0_cbaseline_kbaseline_seed1,16,1.0,baseline,baseline,1,checkpoint_replay_long,long_exact_final_state,bytecode_checkpoint_replay_long_100_a128,r19_heldout_address_anchor,100,100,12800,12846,9,7,0,21160,14,0,r20_d0_runtime_mechanism_ablation_matrix,r19_d0_pointer_like_surface_generalization_gate,bytecode_checkpoint_replay_long_100_a144_r21_u16_h1p0_cbaseline_kbaseline_seed1,bytecode_checkpoint_replay_long_100_a144,0.06073269993066788,19341.62418174136,True,True,,,,True,3091,904,2187,3140,1320,904,416,16,144,0.30454545454545456,high_unique_address_target
u16_h1p0_cbaseline_kflattened,u16_h1p0_cbaseline_kflattened_seed0,16,1.0,baseline,flattened,0,checkpoint_replay_long,long_exact_final_state,bytecode_checkpoint_replay_long_100_a128,r19_admitted_address_anchor,100,100,12800,15478,9,7,188,21184,2646,0,r20_d0_runtime_mechanism_ablation_matrix,r19_d0_pointer_like_surface_generalization_gate,bytecode_checkpoint_replay_long_100_a128_r21_u16_h1p0_cbaseline_kflattened_seed0,bytecode_checkpoint_replay_long_100_a128,0.12781779991928488,22144.455980472085,True,True,,,,True,4407,904,3503,5772,2636,904,1732,16,128,0.15250379362670713,"high_unique_address_target,flattened_hot_address_target,low_hottest_address_share_observed"
u16_h1p0_cbaseline_kflattened,u16_h1p0_cbaseline_kflattened_seed1,16,1.0,baseline,flattened,1,checkpoint_replay_long,long_exact_final_state,bytecode_checkpoint_replay_long_100_a128,r19_heldout_address_anchor,100,100,12800,15478,9,7,188,21192,2646,0,r20_d0_runtime_mechanism_ablation_matrix,r19_d0_pointer_like_surface_generalization_gate,bytecode_checkpoint_replay_long_100_a144_r21_u16_h1p0_cbaseline_kflattened_seed1,bytecode_checkpoint_replay_long_100_a144,0.19101419998332858,33093.24324035492,True,True,,,,True,4407,904,3503,5772,2636,904,1732,16,144,0.15250379362670713,"high_unique_address_target,flattened_hot_address_target,low_hottest_address_share_observed"
u16_h1p0_cplus_one_kbaseline,u16_h1p0_cplus_one_kbaseline_seed0,16,1.0,plus_one,baseline,0,checkpoint_replay_long,long_exact_final_state,bytecode_checkpoint_replay_long_100_a128,r19_admitted_address_anchor,100,100,12800,12848,9,7,0,21216,14,1,r20_d0_runtime_mechanism_ablation_matrix,r19_d0_pointer_like_surface_generalization_gate,bytecode_checkpoint_replay_long_100_a128_r21_u16_h1p0_cplus_one_kbaseline_seed0,bytecode_checkpoint_replay_long_100_a128,0.07484050001949072,23819.38256508298,True,True,,,,True,3091,904,2187,3142,1320,904,416,16,128,0.30454545454545456,"high_unique_address_target,plus_one_checkpoint_depth"
u16_h1p0_cplus_one_kbaseline,u16_h1p0_cplus_one_kbaseline_seed1,16,1.0,plus_one,baseline,1,checkpoint_replay_long,long_exact_final_state,bytecode_checkpoint_replay_long_100_a128,r19_heldout_address_anchor,100,100,12800,12848,9,7,0,21224,14,1,r20_d0_runtime_mechanism_ablation_matrix,r19_d0_pointer_like_surface_generalization_gate,bytecode_checkpoint_replay_long_100_a144_r21_u16_h1p0_cplus_one_kbaseline_seed1,bytecode_checkpoint_replay_long_100_a144,0.1524574999930337,48522.437935402195,True,True,,,,True,3091,904,2187,3142,1320,904,416,16,144,0.30454545454545456,"high_unique_address_target,plus_one_checkpoint_depth"
u16_h1p0_cplus_one_kflattened,u16_h1p0_cplus_one_kflattened_seed0,16,1.0,plus_one,flattened,0,checkpoint_replay_long,long_exact_final_state,bytecode_checkpoint_replay_long_100_a128,r19_admitted_address_anchor,100,100,12800,15480,9,7,188,21248,2646,1,r20_d0_runtime_mechanism_ablation_matrix,r19_d0_pointer_like_surface_generalization_gate,bytecode_checkpoint_replay_long_100_a128_r21_u16_h1p0_cplus_one_kflattened_seed0,bytecode_checkpoint_replay_long_100_a128,0.1332503999583423,23077.65846178426,True,True,,,,True,4407,904,3503,5774,2636,904,1732,16,128,0.15250379362670713,"high_unique_address_target,plus_one_checkpoint_depth,flattened_hot_address_target,low_hottest_address_share_observed"
u16_h1p0_cplus_one_kflattened,u16_h1p0_cplus_one_kflattened_seed1,16,1.0,plus_one,flattened,1,checkpoint_replay_long,long_exact_final_state,bytecode_checkpoint_replay_long_100_a128,r19_heldout_address_anchor,100,100,12800,15480,9,7,188,21256,2646,1,r20_d0_runtime_mechanism_ablation_matrix,r19_d0_pointer_like_surface_generalization_gate,bytecode_checkpoint_replay_long_100_a144_r21_u16_h1p0_cplus_one_kflattened_seed1,bytecode_checkpoint_replay_long_100_a144,0.12527209997642785,21695.895389059206,True,True,,,,True,4407,904,3503,5774,2636,904,1732,16,144,0.15250379362670713,"high_unique_address_target,plus_one_checkpoint_depth,flattened_hot_address_target,low_hottest_address_share_observed"
u16_h1p5_cbaseline_kbaseline,u16_h1p5_cbaseline_kbaseline_seed0,16,1.5,baseline,baseline,0,checkpoint_replay_long,long_exact_final_state,bytecode_checkpoint_replay_long_100_a128,r19_admitted_address_anchor,100,150,12800,19246,9,7,0,21280,14,0,r20_d0_runtime_mechanism_ablation_matrix,r19_d0_pointer_like_surface_generalization_gate,bytecode_checkpoint_replay_long_150_a128_r21_u16_h1p5_cbaseline_kbaseline_seed0,bytecode_checkpoint_replay_long_150_a128,0.1883269000099972,40137.87297740775,True,True,,,,True,4627,1354,3273,4692,1970,1354,616,16,128,0.30558375634517765,high_unique_address_target
u16_h1p5_cbaseline_kbaseline,u16_h1p5_cbaseline_kbaseline_seed1,16,1.5,baseline,baseline,1,checkpoint_replay_long,long_exact_final_state,bytecode_checkpoint_replay_long_100_a128,r19_heldout_address_anchor,100,150,12800,19246,9,7,0,21288,14,0,r20_d0_runtime_mechanism_ablation_matrix,r19_d0_pointer_like_surface_generalization_gate,bytecode_checkpoint_replay_long_150_a144_r21_u16_h1p5_cbaseline_kbaseline_seed1,bytecode_checkpoint_replay_long_150_a144,0.11063100001774728,23578.644505061227,True,True,,,,True,4627,1354,3273,4692,1970,1354,616,16,144,0.30558375634517765,high_unique_address_target
u16_h1p5_cbaseline_kflattened,u16_h1p5_cbaseline_kflattened_seed0,16,1.5,baseline,flattened,0,checkpoint_replay_long,long_exact_final_state,bytecode_checkpoint_replay_long_100_a128,r19_admitted_address_anchor,100,150,12800,23194,9,7,282,21312,3962,0,r20_d0_runtime_mechanism_ablation_matrix,r19_d0_pointer_like_surface_generalization_gate,bytecode_checkpoint_replay_long_150_a128_r21_u16_h1p5_cbaseline_kflattened_seed0,bytecode_checkpoint_replay_long_150_a128,0.2799918999662623,32406.469903502577,True,True,,,,True,6601,1354,5247,8640,3944,1354,2590,16,128,0.1526369168356998,"high_unique_address_target,flattened_hot_address_target,low_hottest_address_share_observed"
u16_h1p5_cbaseline_kflattened,u16_h1p5_cbaseline_kflattened_seed1,16,1.5,baseline,flattened,1,checkpoint_replay_long,long_exact_final_state,bytecode_checkpoint_replay_long_100_a128,r19_heldout_address_anchor,100,150,12800,23194,9,7,282,21320,3962,0,r20_d0_runtime_mechanism_ablation_matrix,r19_d0_pointer_like_surface_generalization_gate,bytecode_checkpoint_replay_long_150_a144_r21_u16_h1p5_cbaseline_kflattened_seed1,bytecode_checkpoint_replay_long_150_a144,0.28446469991467893,32924.155082717465,True,True,,,,True,6601,1354,5247,8640,3944,1354,2590,16,144,0.1526369168356998,"high_unique_address_target,flattened_hot_address_target,low_hottest_address_share_observed"
u16_h1p5_cplus_one_kbaseline,u16_h1p5_cplus_one_kbaseline_seed0,16,1.5,plus_one,baseline,0,checkpoint_replay_long,long_exact_final_state,bytecode_checkpoint_replay_long_100_a128,r19_admitted_address_anchor,100,150,12800,19248,9,7,0,21344,14,1,r20_d0_runtime_mechanism_ablation_matrix,r19_d0_pointer_like_surface_generalization_gate,bytecode_checkpoint_replay_long_150_a128_r21_u16_h1p5_cplus_one_kbaseline_seed0,bytecode_checkpoint_replay_long_150_a128,0.12937360000796616,27561.48274562551,True,True,,,,True,4627,1354,3273,4694,1970,1354,616,16,128,0.30558375634517765,"high_unique_address_target,plus_one_checkpoint_depth"
u16_h1p5_cplus_one_kbaseline,u16_h1p5_cplus_one_kbaseline_seed1,16,1.5,plus_one,baseline,1,checkpoint_replay_long,long_exact_final_state,bytecode_checkpoint_replay_long_100_a128,r19_heldout_address_anchor,100,150,12800,19248,9,7,0,21352,14,1,r20_d0_runtime_mechanism_ablation_matrix,r19_d0_pointer_like_surface_generalization_gate,bytecode_checkpoint_replay_long_150_a144_r21_u16_h1p5_cplus_one_kbaseline_seed1,bytecode_checkpoint_replay_long_150_a144,0.17410579998977482,37091.137620318455,True,True,,,,True,4627,1354,3273,4694,1970,1354,616,16,144,0.30558375634517765,"high_unique_address_target,plus_one_checkpoint_depth"
u16_h1p5_cplus_one_kflattened,u16_h1p5_cplus_one_kflattened_seed0,16,1.5,plus_one,flattened,0,checkpoint_replay_long,long_exact_final_state,bytecode_checkpoint_replay_long_100_a128,r19_admitted_address_anchor,100,150,12800,23196,9,7,282,21376,3962,1,r20_d0_runtime_mechanism_ablation_matrix,r19_d0_pointer_like_surface_generalization_gate,bytecode_checkpoint_replay_long_150_a128_r21_u16_h1p5_cplus_one_kflattened_seed0,bytecode_checkpoint_replay_long_150_a128,0.3022150000324473,34970.49294520334,True,True,,,,True,6601,1354,5247,8642,3944,1354,2590,16,128,0.1526369168356998,"high_unique_address_target,plus_one_checkpoint_depth,flattened_hot_address_target,low_hottest_address_share_observed"
u16_h1p5_cplus_one_kflattened,u16_h1p5_cplus_one_kflattened_seed1,16,1.5,plus_one,flattened,1,checkpoint_replay_long,long_exact_final_state,bytecode_checkpoint_replay_long_100_a128,r19_heldout_address_anchor,100,150,12800,23196,9,7,282,21384,3962,1,r20_d0_runtime_mechanism_ablation_matrix,r19_d0_pointer_like_surface_generalization_gate,bytecode_checkpoint_replay_long_150_a144_r21_u16_h1p5_cplus_one_kflattened_seed1,bytecode_checkpoint_replay_long_150_a144,0.31291109998710454,36208.1809751336,True,True,,,,True,6601,1354,5247,8642,3944,1354,2590,16,144,0.1526369168356998,"high_unique_address_target,plus_one_checkpoint_depth,flattened_hot_address_target,low_hottest_address_share_observed"
u16_h2p0_cbaseline_kbaseline,u16_h2p0_cbaseline_kbaseline_seed0,16,2.0,baseline,baseline,0,checkpoint_replay_long,long_exact_final_state,bytecode_checkpoint_replay_long_100_a128,r19_admitted_address_anchor,100,200,12800,25646,9,7,0,21408,14,0,r20_d0_runtime_mechanism_ablation_matrix,r19_d0_pointer_like_surface_generalization_gate,bytecode_checkpoint_replay_long_200_a128_r21_u16_h2p0_cbaseline_kbaseline_seed0,bytecode_checkpoint_replay_long_200_a128,0.21265850006602705,34068.9682899755,True,True,,,,True,6159,1804,4355,6242,2620,1804,816,16,128,0.3061068702290076,high_unique_address_target
u16_h2p0_cbaseline_kbaseline,u16_h2p0_cbaseline_kbaseline_seed1,16,2.0,baseline,baseline,1,checkpoint_replay_long,long_exact_final_state,bytecode_checkpoint_replay_long_100_a128,r19_heldout_address_anchor,100,200,12800,25646,9,7,0,21416,14,0,r20_d0_runtime_mechanism_ablation_matrix,r19_d0_pointer_like_surface_generalization_gate,bytecode_checkpoint_replay_long_200_a144_r21_u16_h2p0_cbaseline_kbaseline_seed1,bytecode_checkpoint_replay_long_200_a144,0.24312900006771088,38950.496646541316,True,True,,,,True,6159,1804,4355,6242,2620,1804,816,16,144,0.3061068702290076,high_unique_address_target
u16_h2p0_cbaseline_kflattened,u16_h2p0_cbaseline_kflattened_seed0,16,2.0,baseline,flattened,0,checkpoint_replay_long,long_exact_final_state,bytecode_checkpoint_replay_long_100_a128,r19_admitted_address_anchor,100,200,12800,30910,9,7,376,21440,5278,0,r20_d0_runtime_mechanism_ablation_matrix,r19_d0_pointer_like_surface_generalization_gate,bytecode_checkpoint_replay_long_200_a128_r21_u16_h2p0_cbaseline_kflattened_seed0,bytecode_checkpoint_replay_long_200_a128,0.40385759994387627,35099.73926159189,True,True,,,,True,8791,1804,6987,11506,5252,1804,3448,16,128,0.1527037319116527,"high_unique_address_target,flattened_hot_address_target,low_hottest_address_share_observed"
u16_h2p0_cbaseline_kflattened,u16_h2p0_cbaseline_kflattened_seed1,16,2.0,baseline,flattened,1,checkpoint_replay_long,long_exact_final_state,bytecode_checkpoint_replay_long_100_a128,r19_heldout_address_anchor,100,200,12800,30910,9,7,376,21448,5278,0,r20_d0_runtime_mechanism_ablation_matrix,r19_d0_pointer_like_surface_generalization_gate,bytecode_checkpoint_replay_long_200_a144_r21_u16_h2p0_cbaseline_kflattened_seed1,bytecode_checkpoint_replay_long_200_a144,0.3883521999232471,33752.146699395715,True,True,,,,True,8791,1804,6987,11506,5252,1804,3448,16,144,0.1527037319116527,"high_unique_address_target,flattened_hot_address_target,low_hottest_address_share_observed"
u16_h2p0_cplus_one_kbaseline,u16_h2p0_cplus_one_kbaseline_seed0,16,2.0,plus_one,baseline,0,checkpoint_replay_long,long_exact_final_state,bytecode_checkpoint_replay_long_100_a128,r19_admitted_address_anchor,100,200,12800,25648,9,7,0,21472,14,1,r20_d0_runtime_mechanism_ablation_matrix,r19_d0_pointer_like_surface_generalization_gate,bytecode_checkpoint_replay_long_200_a128_r21_u16_h2p0_cplus_one_kbaseline_seed0,bytecode_checkpoint_replay_long_200_a128,0.23612809996120632,37816.80012191004,True,True,,,,True,6159,1804,4355,6244,2620,1804,816,16,128,0.3061068702290076,"high_unique_address_target,plus_one_checkpoint_depth"
u16_h2p0_cplus_one_kbaseline,u16_h2p0_cplus_one_kbaseline_seed1,16,2.0,plus_one,baseline,1,checkpoint_replay_long,long_exact_final_state,bytecode_checkpoint_replay_long_100_a128,r19_heldout_address_anchor,100,200,12800,25648,9,7,0,21480,14,1,r20_d0_runtime_mechanism_ablation_matrix,r19_d0_pointer_like_surface_generalization_gate,bytecode_checkpoint_replay_long_200_a144_r21_u16_h2p0_cplus_one_kbaseline_seed1,bytecode_checkpoint_replay_long_200_a144,0.24063989997375757,38539.381802331445,True,True,,,,True,6159,1804,4355,6244,2620,1804,816,16,144,0.3061068702290076,"high_unique_address_target,plus_one_checkpoint_depth"
u16_h2p0_cplus_one_kflattened,u16_h2p0_cplus_one_kflattened_seed0,16,2.0,plus_one,flattened,0,checkpoint_replay_long,long_exact_final_state,bytecode_checkpoint_replay_long_100_a128,r19_admitted_address_anchor,100,200,12800,30912,9,7,376,21504,5278,1,r20_d0_runtime_mechanism_ablation_matrix,r19_d0_pointer_like_surface_generalization_gate,bytecode_checkpoint_replay_long_200_a128_r21_u16_h2p0_cplus_one_kflattened_seed0,bytecode_checkpoint_replay_long_200_a128,0.3862546000164002,33564.007648279476,True,True,,,,True,8791,1804,6987,11508,5252,1804,3448,16,128,0.1527037319116527,"high_unique_address_target,plus_one_checkpoint_depth,flattened_hot_address_target,low_hottest_address_share_observed"
u16_h2p0_cplus_one_kflattened,u16_h2p0_cplus_one_kflattened_seed1,16,2.0,plus_one,flattened,1,checkpoint_replay_long,long_exact_final_state,bytecode_checkpoint_replay_long_100_a128,r19_heldout_address_anchor,100,200,12800,30912,9,7,376,21512,5278,1,r20_d0_runtime_mechanism_ablation_matrix,r19_d0_pointer_like_surface_generalization_gate,bytecode_checkpoint_replay_long_200_a144_r21_u16_h2p0_cplus_one_kflattened_seed1,bytecode_checkpoint_replay_long_200_a144,0.44376930000726134,38561.809176856215,True,True,,,,True,8791,1804,6987,11508,5252,1804,3448,16,144,0.1527037319116527,"high_unique_address_target,plus_one_checkpoint_depth,flattened_hot_address_target,low_hottest_address_share_observed"
