branch_id,candidate_id,unique_address_target,horizon_multiplier,checkpoint_depth,hot_address_skew,seed_id,family,comparison_mode,base_program_name,seed_variant,base_start,scaled_start,base_max_steps,max_steps,base_unique_address_count,padding_unique_count,flatten_rounds,padding_base_address,expected_padding_instruction_count,target_wrapper_call_depth
u6_h1p0_cbaseline_kbaseline,u6_h1p0_cbaseline_kbaseline_seed0,6,1.0,baseline,baseline,0,subroutine_braid,medium_exact_trace,bytecode_subroutine_braid_80_a96,r19_admitted_address_anchor,80,80,5120,5156,4,2,0,20000,4,0
u6_h1p0_cbaseline_kbaseline,u6_h1p0_cbaseline_kbaseline_seed1,6,1.0,baseline,baseline,1,subroutine_braid,medium_exact_trace,bytecode_subroutine_braid_80_a96,r19_heldout_address_anchor,80,80,5120,5156,4,2,0,20008,4,0
u6_h1p0_cbaseline_kflattened,u6_h1p0_cbaseline_kflattened_seed0,6,1.0,baseline,flattened,0,subroutine_braid,medium_exact_trace,bytecode_subroutine_braid_80_a96,r19_admitted_address_anchor,80,80,5120,6452,4,2,324,20032,1300,0
u6_h1p0_cbaseline_kflattened,u6_h1p0_cbaseline_kflattened_seed1,6,1.0,baseline,flattened,1,subroutine_braid,medium_exact_trace,bytecode_subroutine_braid_80_a96,r19_heldout_address_anchor,80,80,5120,6452,4,2,324,20040,1300,0
u6_h1p0_cplus_one_kbaseline,u6_h1p0_cplus_one_kbaseline_seed0,6,1.0,plus_one,baseline,0,subroutine_braid,medium_exact_trace,bytecode_subroutine_braid_80_a96,r19_admitted_address_anchor,80,80,5120,5158,4,2,0,20064,4,1
u6_h1p0_cplus_one_kbaseline,u6_h1p0_cplus_one_kbaseline_seed1,6,1.0,plus_one,baseline,1,subroutine_braid,medium_exact_trace,bytecode_subroutine_braid_80_a96,r19_heldout_address_anchor,80,80,5120,5158,4,2,0,20072,4,1
u6_h1p0_cplus_one_kflattened,u6_h1p0_cplus_one_kflattened_seed0,6,1.0,plus_one,flattened,0,subroutine_braid,medium_exact_trace,bytecode_subroutine_braid_80_a96,r19_admitted_address_anchor,80,80,5120,6454,4,2,324,20096,1300,1
u6_h1p0_cplus_one_kflattened,u6_h1p0_cplus_one_kflattened_seed1,6,1.0,plus_one,flattened,1,subroutine_braid,medium_exact_trace,bytecode_subroutine_braid_80_a96,r19_heldout_address_anchor,80,80,5120,6454,4,2,324,20104,1300,1
u6_h1p5_cbaseline_kbaseline,u6_h1p5_cbaseline_kbaseline_seed0,6,1.5,baseline,baseline,0,subroutine_braid,medium_exact_trace,bytecode_subroutine_braid_80_a96,r19_admitted_address_anchor,80,120,5120,7716,4,2,0,20128,4,0
u6_h1p5_cbaseline_kbaseline,u6_h1p5_cbaseline_kbaseline_seed1,6,1.5,baseline,baseline,1,subroutine_braid,medium_exact_trace,bytecode_subroutine_braid_80_a96,r19_heldout_address_anchor,80,120,5120,7716,4,2,0,20136,4,0
u6_h1p5_cbaseline_kflattened,u6_h1p5_cbaseline_kflattened_seed0,6,1.5,baseline,flattened,0,subroutine_braid,medium_exact_trace,bytecode_subroutine_braid_80_a96,r19_admitted_address_anchor,80,120,5120,9660,4,2,486,20160,1948,0
u6_h1p5_cbaseline_kflattened,u6_h1p5_cbaseline_kflattened_seed1,6,1.5,baseline,flattened,1,subroutine_braid,medium_exact_trace,bytecode_subroutine_braid_80_a96,r19_heldout_address_anchor,80,120,5120,9660,4,2,486,20168,1948,0
u6_h1p5_cplus_one_kbaseline,u6_h1p5_cplus_one_kbaseline_seed0,6,1.5,plus_one,baseline,0,subroutine_braid,medium_exact_trace,bytecode_subroutine_braid_80_a96,r19_admitted_address_anchor,80,120,5120,7718,4,2,0,20192,4,1
u6_h1p5_cplus_one_kbaseline,u6_h1p5_cplus_one_kbaseline_seed1,6,1.5,plus_one,baseline,1,subroutine_braid,medium_exact_trace,bytecode_subroutine_braid_80_a96,r19_heldout_address_anchor,80,120,5120,7718,4,2,0,20200,4,1
u6_h1p5_cplus_one_kflattened,u6_h1p5_cplus_one_kflattened_seed0,6,1.5,plus_one,flattened,0,subroutine_braid,medium_exact_trace,bytecode_subroutine_braid_80_a96,r19_admitted_address_anchor,80,120,5120,9662,4,2,486,20224,1948,1
u6_h1p5_cplus_one_kflattened,u6_h1p5_cplus_one_kflattened_seed1,6,1.5,plus_one,flattened,1,subroutine_braid,medium_exact_trace,bytecode_subroutine_braid_80_a96,r19_heldout_address_anchor,80,120,5120,9662,4,2,486,20232,1948,1
u6_h2p0_cbaseline_kbaseline,u6_h2p0_cbaseline_kbaseline_seed0,6,2.0,baseline,baseline,0,subroutine_braid,medium_exact_trace,bytecode_subroutine_braid_80_a96,r19_admitted_address_anchor,80,160,5120,10276,4,2,0,20256,4,0
u6_h2p0_cbaseline_kbaseline,u6_h2p0_cbaseline_kbaseline_seed1,6,2.0,baseline,baseline,1,subroutine_braid,medium_exact_trace,bytecode_subroutine_braid_80_a96,r19_heldout_address_anchor,80,160,5120,10276,4,2,0,20264,4,0
u6_h2p0_cbaseline_kflattened,u6_h2p0_cbaseline_kflattened_seed0,6,2.0,baseline,flattened,0,subroutine_braid,medium_exact_trace,bytecode_subroutine_braid_80_a96,r19_admitted_address_anchor,80,160,5120,12864,4,2,647,20288,2592,0
u6_h2p0_cbaseline_kflattened,u6_h2p0_cbaseline_kflattened_seed1,6,2.0,baseline,flattened,1,subroutine_braid,medium_exact_trace,bytecode_subroutine_braid_80_a96,r19_heldout_address_anchor,80,160,5120,12864,4,2,647,20296,2592,0
u6_h2p0_cplus_one_kbaseline,u6_h2p0_cplus_one_kbaseline_seed0,6,2.0,plus_one,baseline,0,subroutine_braid,medium_exact_trace,bytecode_subroutine_braid_80_a96,r19_admitted_address_anchor,80,160,5120,10278,4,2,0,20320,4,1
u6_h2p0_cplus_one_kbaseline,u6_h2p0_cplus_one_kbaseline_seed1,6,2.0,plus_one,baseline,1,subroutine_braid,medium_exact_trace,bytecode_subroutine_braid_80_a96,r19_heldout_address_anchor,80,160,5120,10278,4,2,0,20328,4,1
u6_h2p0_cplus_one_kflattened,u6_h2p0_cplus_one_kflattened_seed0,6,2.0,plus_one,flattened,0,subroutine_braid,medium_exact_trace,bytecode_subroutine_braid_80_a96,r19_admitted_address_anchor,80,160,5120,12866,4,2,647,20352,2592,1
u6_h2p0_cplus_one_kflattened,u6_h2p0_cplus_one_kflattened_seed1,6,2.0,plus_one,flattened,1,subroutine_braid,medium_exact_trace,bytecode_subroutine_braid_80_a96,r19_heldout_address_anchor,80,160,5120,12866,4,2,647,20360,2592,1
u8_h1p0_cbaseline_kbaseline,u8_h1p0_cbaseline_kbaseline_seed0,8,1.0,baseline,baseline,0,helper_checkpoint_braid,medium_exact_trace,bytecode_helper_checkpoint_braid_60_a280_s0,r19_admitted_seed_anchor,60,60,2560,2596,6,2,0,20384,4,0
u8_h1p0_cbaseline_kbaseline,u8_h1p0_cbaseline_kbaseline_seed1,8,1.0,baseline,baseline,1,helper_checkpoint_braid,medium_exact_trace,bytecode_helper_checkpoint_braid_60_a280_s0,r19_heldout_seed_anchor,60,60,2560,2596,6,2,0,20392,4,0
u8_h1p0_cbaseline_kflattened,u8_h1p0_cbaseline_kflattened_seed0,8,1.0,baseline,flattened,0,helper_checkpoint_braid,medium_exact_trace,bytecode_helper_checkpoint_braid_60_a280_s0,r19_admitted_seed_anchor,60,60,2560,4052,6,2,364,20416,1460,0
u8_h1p0_cbaseline_kflattened,u8_h1p0_cbaseline_kflattened_seed1,8,1.0,baseline,flattened,1,helper_checkpoint_braid,medium_exact_trace,bytecode_helper_checkpoint_braid_60_a280_s0,r19_heldout_seed_anchor,60,60,2560,4052,6,2,364,20424,1460,0
u8_h1p0_cplus_one_kbaseline,u8_h1p0_cplus_one_kbaseline_seed0,8,1.0,plus_one,baseline,0,helper_checkpoint_braid,medium_exact_trace,bytecode_helper_checkpoint_braid_60_a280_s0,r19_admitted_seed_anchor,60,60,2560,2598,6,2,0,20448,4,1
u8_h1p0_cplus_one_kbaseline,u8_h1p0_cplus_one_kbaseline_seed1,8,1.0,plus_one,baseline,1,helper_checkpoint_braid,medium_exact_trace,bytecode_helper_checkpoint_braid_60_a280_s0,r19_heldout_seed_anchor,60,60,2560,2598,6,2,0,20456,4,1
u8_h1p0_cplus_one_kflattened,u8_h1p0_cplus_one_kflattened_seed0,8,1.0,plus_one,flattened,0,helper_checkpoint_braid,medium_exact_trace,bytecode_helper_checkpoint_braid_60_a280_s0,r19_admitted_seed_anchor,60,60,2560,4054,6,2,364,20480,1460,1
u8_h1p0_cplus_one_kflattened,u8_h1p0_cplus_one_kflattened_seed1,8,1.0,plus_one,flattened,1,helper_checkpoint_braid,medium_exact_trace,bytecode_helper_checkpoint_braid_60_a280_s0,r19_heldout_seed_anchor,60,60,2560,4054,6,2,364,20488,1460,1
u8_h1p5_cbaseline_kbaseline,u8_h1p5_cbaseline_kbaseline_seed0,8,1.5,baseline,baseline,0,helper_checkpoint_braid,medium_exact_trace,bytecode_helper_checkpoint_braid_60_a280_s0,r19_admitted_seed_anchor,60,90,2560,3876,6,2,0,20512,4,0
u8_h1p5_cbaseline_kbaseline,u8_h1p5_cbaseline_kbaseline_seed1,8,1.5,baseline,baseline,1,helper_checkpoint_braid,medium_exact_trace,bytecode_helper_checkpoint_braid_60_a280_s0,r19_heldout_seed_anchor,60,90,2560,3876,6,2,0,20520,4,0
u8_h1p5_cbaseline_kflattened,u8_h1p5_cbaseline_kflattened_seed0,8,1.5,baseline,flattened,0,helper_checkpoint_braid,medium_exact_trace,bytecode_helper_checkpoint_braid_60_a280_s0,r19_admitted_seed_anchor,60,90,2560,6060,6,2,546,20544,2188,0
u8_h1p5_cbaseline_kflattened,u8_h1p5_cbaseline_kflattened_seed1,8,1.5,baseline,flattened,1,helper_checkpoint_braid,medium_exact_trace,bytecode_helper_checkpoint_braid_60_a280_s0,r19_heldout_seed_anchor,60,90,2560,6060,6,2,546,20552,2188,0
u8_h1p5_cplus_one_kbaseline,u8_h1p5_cplus_one_kbaseline_seed0,8,1.5,plus_one,baseline,0,helper_checkpoint_braid,medium_exact_trace,bytecode_helper_checkpoint_braid_60_a280_s0,r19_admitted_seed_anchor,60,90,2560,3878,6,2,0,20576,4,1
u8_h1p5_cplus_one_kbaseline,u8_h1p5_cplus_one_kbaseline_seed1,8,1.5,plus_one,baseline,1,helper_checkpoint_braid,medium_exact_trace,bytecode_helper_checkpoint_braid_60_a280_s0,r19_heldout_seed_anchor,60,90,2560,3878,6,2,0,20584,4,1
u8_h1p5_cplus_one_kflattened,u8_h1p5_cplus_one_kflattened_seed0,8,1.5,plus_one,flattened,0,helper_checkpoint_braid,medium_exact_trace,bytecode_helper_checkpoint_braid_60_a280_s0,r19_admitted_seed_anchor,60,90,2560,6062,6,2,546,20608,2188,1
u8_h1p5_cplus_one_kflattened,u8_h1p5_cplus_one_kflattened_seed1,8,1.5,plus_one,flattened,1,helper_checkpoint_braid,medium_exact_trace,bytecode_helper_checkpoint_braid_60_a280_s0,r19_heldout_seed_anchor,60,90,2560,6062,6,2,546,20616,2188,1
u8_h2p0_cbaseline_kbaseline,u8_h2p0_cbaseline_kbaseline_seed0,8,2.0,baseline,baseline,0,helper_checkpoint_braid,medium_exact_trace,bytecode_helper_checkpoint_braid_60_a280_s0,r19_admitted_seed_anchor,60,120,2560,5156,6,2,0,20640,4,0
u8_h2p0_cbaseline_kbaseline,u8_h2p0_cbaseline_kbaseline_seed1,8,2.0,baseline,baseline,1,helper_checkpoint_braid,medium_exact_trace,bytecode_helper_checkpoint_braid_60_a280_s0,r19_heldout_seed_anchor,60,120,2560,5156,6,2,0,20648,4,0
u8_h2p0_cbaseline_kflattened,u8_h2p0_cbaseline_kflattened_seed0,8,2.0,baseline,flattened,0,helper_checkpoint_braid,medium_exact_trace,bytecode_helper_checkpoint_braid_60_a280_s0,r19_admitted_seed_anchor,60,120,2560,8068,6,2,728,20672,2916,0
u8_h2p0_cbaseline_kflattened,u8_h2p0_cbaseline_kflattened_seed1,8,2.0,baseline,flattened,1,helper_checkpoint_braid,medium_exact_trace,bytecode_helper_checkpoint_braid_60_a280_s0,r19_heldout_seed_anchor,60,120,2560,8068,6,2,728,20680,2916,0
u8_h2p0_cplus_one_kbaseline,u8_h2p0_cplus_one_kbaseline_seed0,8,2.0,plus_one,baseline,0,helper_checkpoint_braid,medium_exact_trace,bytecode_helper_checkpoint_braid_60_a280_s0,r19_admitted_seed_anchor,60,120,2560,5158,6,2,0,20704,4,1
u8_h2p0_cplus_one_kbaseline,u8_h2p0_cplus_one_kbaseline_seed1,8,2.0,plus_one,baseline,1,helper_checkpoint_braid,medium_exact_trace,bytecode_helper_checkpoint_braid_60_a280_s0,r19_heldout_seed_anchor,60,120,2560,5158,6,2,0,20712,4,1
u8_h2p0_cplus_one_kflattened,u8_h2p0_cplus_one_kflattened_seed0,8,2.0,plus_one,flattened,0,helper_checkpoint_braid,medium_exact_trace,bytecode_helper_checkpoint_braid_60_a280_s0,r19_admitted_seed_anchor,60,120,2560,8070,6,2,728,20736,2916,1
u8_h2p0_cplus_one_kflattened,u8_h2p0_cplus_one_kflattened_seed1,8,2.0,plus_one,flattened,1,helper_checkpoint_braid,medium_exact_trace,bytecode_helper_checkpoint_braid_60_a280_s0,r19_heldout_seed_anchor,60,120,2560,8070,6,2,728,20744,2916,1
u12_h1p0_cbaseline_kbaseline,u12_h1p0_cbaseline_kbaseline_seed0,12,1.0,baseline,baseline,0,checkpoint_replay_long,long_exact_final_state,bytecode_checkpoint_replay_long_100_a128,r19_admitted_address_anchor,100,100,12800,12838,9,3,0,20768,6,0
u12_h1p0_cbaseline_kbaseline,u12_h1p0_cbaseline_kbaseline_seed1,12,1.0,baseline,baseline,1,checkpoint_replay_long,long_exact_final_state,bytecode_checkpoint_replay_long_100_a128,r19_heldout_address_anchor,100,100,12800,12838,9,3,0,20776,6,0
u12_h1p0_cbaseline_kflattened,u12_h1p0_cbaseline_kflattened_seed0,12,1.0,baseline,flattened,0,checkpoint_replay_long,long_exact_final_state,bytecode_checkpoint_replay_long_100_a128,r19_admitted_address_anchor,100,100,12800,15466,9,3,438,20800,2634,0
u12_h1p0_cbaseline_kflattened,u12_h1p0_cbaseline_kflattened_seed1,12,1.0,baseline,flattened,1,checkpoint_replay_long,long_exact_final_state,bytecode_checkpoint_replay_long_100_a128,r19_heldout_address_anchor,100,100,12800,15466,9,3,438,20808,2634,0
u12_h1p0_cplus_one_kbaseline,u12_h1p0_cplus_one_kbaseline_seed0,12,1.0,plus_one,baseline,0,checkpoint_replay_long,long_exact_final_state,bytecode_checkpoint_replay_long_100_a128,r19_admitted_address_anchor,100,100,12800,12840,9,3,0,20832,6,1
u12_h1p0_cplus_one_kbaseline,u12_h1p0_cplus_one_kbaseline_seed1,12,1.0,plus_one,baseline,1,checkpoint_replay_long,long_exact_final_state,bytecode_checkpoint_replay_long_100_a128,r19_heldout_address_anchor,100,100,12800,12840,9,3,0,20840,6,1
u12_h1p0_cplus_one_kflattened,u12_h1p0_cplus_one_kflattened_seed0,12,1.0,plus_one,flattened,0,checkpoint_replay_long,long_exact_final_state,bytecode_checkpoint_replay_long_100_a128,r19_admitted_address_anchor,100,100,12800,15468,9,3,438,20864,2634,1
u12_h1p0_cplus_one_kflattened,u12_h1p0_cplus_one_kflattened_seed1,12,1.0,plus_one,flattened,1,checkpoint_replay_long,long_exact_final_state,bytecode_checkpoint_replay_long_100_a128,r19_heldout_address_anchor,100,100,12800,15468,9,3,438,20872,2634,1
u12_h1p5_cbaseline_kbaseline,u12_h1p5_cbaseline_kbaseline_seed0,12,1.5,baseline,baseline,0,checkpoint_replay_long,long_exact_final_state,bytecode_checkpoint_replay_long_100_a128,r19_admitted_address_anchor,100,150,12800,19238,9,3,0,20896,6,0
u12_h1p5_cbaseline_kbaseline,u12_h1p5_cbaseline_kbaseline_seed1,12,1.5,baseline,baseline,1,checkpoint_replay_long,long_exact_final_state,bytecode_checkpoint_replay_long_100_a128,r19_heldout_address_anchor,100,150,12800,19238,9,3,0,20904,6,0
u12_h1p5_cbaseline_kflattened,u12_h1p5_cbaseline_kflattened_seed0,12,1.5,baseline,flattened,0,checkpoint_replay_long,long_exact_final_state,bytecode_checkpoint_replay_long_100_a128,r19_admitted_address_anchor,100,150,12800,23180,9,3,657,20928,3948,0
u12_h1p5_cbaseline_kflattened,u12_h1p5_cbaseline_kflattened_seed1,12,1.5,baseline,flattened,1,checkpoint_replay_long,long_exact_final_state,bytecode_checkpoint_replay_long_100_a128,r19_heldout_address_anchor,100,150,12800,23180,9,3,657,20936,3948,0
u12_h1p5_cplus_one_kbaseline,u12_h1p5_cplus_one_kbaseline_seed0,12,1.5,plus_one,baseline,0,checkpoint_replay_long,long_exact_final_state,bytecode_checkpoint_replay_long_100_a128,r19_admitted_address_anchor,100,150,12800,19240,9,3,0,20960,6,1
u12_h1p5_cplus_one_kbaseline,u12_h1p5_cplus_one_kbaseline_seed1,12,1.5,plus_one,baseline,1,checkpoint_replay_long,long_exact_final_state,bytecode_checkpoint_replay_long_100_a128,r19_heldout_address_anchor,100,150,12800,19240,9,3,0,20968,6,1
u12_h1p5_cplus_one_kflattened,u12_h1p5_cplus_one_kflattened_seed0,12,1.5,plus_one,flattened,0,checkpoint_replay_long,long_exact_final_state,bytecode_checkpoint_replay_long_100_a128,r19_admitted_address_anchor,100,150,12800,23182,9,3,657,20992,3948,1
u12_h1p5_cplus_one_kflattened,u12_h1p5_cplus_one_kflattened_seed1,12,1.5,plus_one,flattened,1,checkpoint_replay_long,long_exact_final_state,bytecode_checkpoint_replay_long_100_a128,r19_heldout_address_anchor,100,150,12800,23182,9,3,657,21000,3948,1
u12_h2p0_cbaseline_kbaseline,u12_h2p0_cbaseline_kbaseline_seed0,12,2.0,baseline,baseline,0,checkpoint_replay_long,long_exact_final_state,bytecode_checkpoint_replay_long_100_a128,r19_admitted_address_anchor,100,200,12800,25638,9,3,0,21024,6,0
u12_h2p0_cbaseline_kbaseline,u12_h2p0_cbaseline_kbaseline_seed1,12,2.0,baseline,baseline,1,checkpoint_replay_long,long_exact_final_state,bytecode_checkpoint_replay_long_100_a128,r19_heldout_address_anchor,100,200,12800,25638,9,3,0,21032,6,0
u12_h2p0_cbaseline_kflattened,u12_h2p0_cbaseline_kflattened_seed0,12,2.0,baseline,flattened,0,checkpoint_replay_long,long_exact_final_state,bytecode_checkpoint_replay_long_100_a128,r19_admitted_address_anchor,100,200,12800,30894,9,3,876,21056,5262,0
u12_h2p0_cbaseline_kflattened,u12_h2p0_cbaseline_kflattened_seed1,12,2.0,baseline,flattened,1,checkpoint_replay_long,long_exact_final_state,bytecode_checkpoint_replay_long_100_a128,r19_heldout_address_anchor,100,200,12800,30894,9,3,876,21064,5262,0
u12_h2p0_cplus_one_kbaseline,u12_h2p0_cplus_one_kbaseline_seed0,12,2.0,plus_one,baseline,0,checkpoint_replay_long,long_exact_final_state,bytecode_checkpoint_replay_long_100_a128,r19_admitted_address_anchor,100,200,12800,25640,9,3,0,21088,6,1
u12_h2p0_cplus_one_kbaseline,u12_h2p0_cplus_one_kbaseline_seed1,12,2.0,plus_one,baseline,1,checkpoint_replay_long,long_exact_final_state,bytecode_checkpoint_replay_long_100_a128,r19_heldout_address_anchor,100,200,12800,25640,9,3,0,21096,6,1
u12_h2p0_cplus_one_kflattened,u12_h2p0_cplus_one_kflattened_seed0,12,2.0,plus_one,flattened,0,checkpoint_replay_long,long_exact_final_state,bytecode_checkpoint_replay_long_100_a128,r19_admitted_address_anchor,100,200,12800,30896,9,3,876,21120,5262,1
u12_h2p0_cplus_one_kflattened,u12_h2p0_cplus_one_kflattened_seed1,12,2.0,plus_one,flattened,1,checkpoint_replay_long,long_exact_final_state,bytecode_checkpoint_replay_long_100_a128,r19_heldout_address_anchor,100,200,12800,30896,9,3,876,21128,5262,1
u16_h1p0_cbaseline_kbaseline,u16_h1p0_cbaseline_kbaseline_seed0,16,1.0,baseline,baseline,0,checkpoint_replay_long,long_exact_final_state,bytecode_checkpoint_replay_long_100_a128,r19_admitted_address_anchor,100,100,12800,12846,9,7,0,21152,14,0
u16_h1p0_cbaseline_kbaseline,u16_h1p0_cbaseline_kbaseline_seed1,16,1.0,baseline,baseline,1,checkpoint_replay_long,long_exact_final_state,bytecode_checkpoint_replay_long_100_a128,r19_heldout_address_anchor,100,100,12800,12846,9,7,0,21160,14,0
u16_h1p0_cbaseline_kflattened,u16_h1p0_cbaseline_kflattened_seed0,16,1.0,baseline,flattened,0,checkpoint_replay_long,long_exact_final_state,bytecode_checkpoint_replay_long_100_a128,r19_admitted_address_anchor,100,100,12800,15478,9,7,188,21184,2646,0
u16_h1p0_cbaseline_kflattened,u16_h1p0_cbaseline_kflattened_seed1,16,1.0,baseline,flattened,1,checkpoint_replay_long,long_exact_final_state,bytecode_checkpoint_replay_long_100_a128,r19_heldout_address_anchor,100,100,12800,15478,9,7,188,21192,2646,0
u16_h1p0_cplus_one_kbaseline,u16_h1p0_cplus_one_kbaseline_seed0,16,1.0,plus_one,baseline,0,checkpoint_replay_long,long_exact_final_state,bytecode_checkpoint_replay_long_100_a128,r19_admitted_address_anchor,100,100,12800,12848,9,7,0,21216,14,1
u16_h1p0_cplus_one_kbaseline,u16_h1p0_cplus_one_kbaseline_seed1,16,1.0,plus_one,baseline,1,checkpoint_replay_long,long_exact_final_state,bytecode_checkpoint_replay_long_100_a128,r19_heldout_address_anchor,100,100,12800,12848,9,7,0,21224,14,1
u16_h1p0_cplus_one_kflattened,u16_h1p0_cplus_one_kflattened_seed0,16,1.0,plus_one,flattened,0,checkpoint_replay_long,long_exact_final_state,bytecode_checkpoint_replay_long_100_a128,r19_admitted_address_anchor,100,100,12800,15480,9,7,188,21248,2646,1
u16_h1p0_cplus_one_kflattened,u16_h1p0_cplus_one_kflattened_seed1,16,1.0,plus_one,flattened,1,checkpoint_replay_long,long_exact_final_state,bytecode_checkpoint_replay_long_100_a128,r19_heldout_address_anchor,100,100,12800,15480,9,7,188,21256,2646,1
u16_h1p5_cbaseline_kbaseline,u16_h1p5_cbaseline_kbaseline_seed0,16,1.5,baseline,baseline,0,checkpoint_replay_long,long_exact_final_state,bytecode_checkpoint_replay_long_100_a128,r19_admitted_address_anchor,100,150,12800,19246,9,7,0,21280,14,0
u16_h1p5_cbaseline_kbaseline,u16_h1p5_cbaseline_kbaseline_seed1,16,1.5,baseline,baseline,1,checkpoint_replay_long,long_exact_final_state,bytecode_checkpoint_replay_long_100_a128,r19_heldout_address_anchor,100,150,12800,19246,9,7,0,21288,14,0
u16_h1p5_cbaseline_kflattened,u16_h1p5_cbaseline_kflattened_seed0,16,1.5,baseline,flattened,0,checkpoint_replay_long,long_exact_final_state,bytecode_checkpoint_replay_long_100_a128,r19_admitted_address_anchor,100,150,12800,23194,9,7,282,21312,3962,0
u16_h1p5_cbaseline_kflattened,u16_h1p5_cbaseline_kflattened_seed1,16,1.5,baseline,flattened,1,checkpoint_replay_long,long_exact_final_state,bytecode_checkpoint_replay_long_100_a128,r19_heldout_address_anchor,100,150,12800,23194,9,7,282,21320,3962,0
u16_h1p5_cplus_one_kbaseline,u16_h1p5_cplus_one_kbaseline_seed0,16,1.5,plus_one,baseline,0,checkpoint_replay_long,long_exact_final_state,bytecode_checkpoint_replay_long_100_a128,r19_admitted_address_anchor,100,150,12800,19248,9,7,0,21344,14,1
u16_h1p5_cplus_one_kbaseline,u16_h1p5_cplus_one_kbaseline_seed1,16,1.5,plus_one,baseline,1,checkpoint_replay_long,long_exact_final_state,bytecode_checkpoint_replay_long_100_a128,r19_heldout_address_anchor,100,150,12800,19248,9,7,0,21352,14,1
u16_h1p5_cplus_one_kflattened,u16_h1p5_cplus_one_kflattened_seed0,16,1.5,plus_one,flattened,0,checkpoint_replay_long,long_exact_final_state,bytecode_checkpoint_replay_long_100_a128,r19_admitted_address_anchor,100,150,12800,23196,9,7,282,21376,3962,1
u16_h1p5_cplus_one_kflattened,u16_h1p5_cplus_one_kflattened_seed1,16,1.5,plus_one,flattened,1,checkpoint_replay_long,long_exact_final_state,bytecode_checkpoint_replay_long_100_a128,r19_heldout_address_anchor,100,150,12800,23196,9,7,282,21384,3962,1
u16_h2p0_cbaseline_kbaseline,u16_h2p0_cbaseline_kbaseline_seed0,16,2.0,baseline,baseline,0,checkpoint_replay_long,long_exact_final_state,bytecode_checkpoint_replay_long_100_a128,r19_admitted_address_anchor,100,200,12800,25646,9,7,0,21408,14,0
u16_h2p0_cbaseline_kbaseline,u16_h2p0_cbaseline_kbaseline_seed1,16,2.0,baseline,baseline,1,checkpoint_replay_long,long_exact_final_state,bytecode_checkpoint_replay_long_100_a128,r19_heldout_address_anchor,100,200,12800,25646,9,7,0,21416,14,0
u16_h2p0_cbaseline_kflattened,u16_h2p0_cbaseline_kflattened_seed0,16,2.0,baseline,flattened,0,checkpoint_replay_long,long_exact_final_state,bytecode_checkpoint_replay_long_100_a128,r19_admitted_address_anchor,100,200,12800,30910,9,7,376,21440,5278,0
u16_h2p0_cbaseline_kflattened,u16_h2p0_cbaseline_kflattened_seed1,16,2.0,baseline,flattened,1,checkpoint_replay_long,long_exact_final_state,bytecode_checkpoint_replay_long_100_a128,r19_heldout_address_anchor,100,200,12800,30910,9,7,376,21448,5278,0
u16_h2p0_cplus_one_kbaseline,u16_h2p0_cplus_one_kbaseline_seed0,16,2.0,plus_one,baseline,0,checkpoint_replay_long,long_exact_final_state,bytecode_checkpoint_replay_long_100_a128,r19_admitted_address_anchor,100,200,12800,25648,9,7,0,21472,14,1
u16_h2p0_cplus_one_kbaseline,u16_h2p0_cplus_one_kbaseline_seed1,16,2.0,plus_one,baseline,1,checkpoint_replay_long,long_exact_final_state,bytecode_checkpoint_replay_long_100_a128,r19_heldout_address_anchor,100,200,12800,25648,9,7,0,21480,14,1
u16_h2p0_cplus_one_kflattened,u16_h2p0_cplus_one_kflattened_seed0,16,2.0,plus_one,flattened,0,checkpoint_replay_long,long_exact_final_state,bytecode_checkpoint_replay_long_100_a128,r19_admitted_address_anchor,100,200,12800,30912,9,7,376,21504,5278,1
u16_h2p0_cplus_one_kflattened,u16_h2p0_cplus_one_kflattened_seed1,16,2.0,plus_one,flattened,1,checkpoint_replay_long,long_exact_final_state,bytecode_checkpoint_replay_long_100_a128,r19_heldout_address_anchor,100,200,12800,30912,9,7,376,21512,5278,1
